em,one_five,two,three,four
0.0,0.4566276943637869,0.11839199070715835,0.012551165039282665,0.005818212962914783
6.00600600601,0.4593468041456232,0.11962594637615391,0.012698071298898151,0.005868195299933612
12.012012012,0.46206779068290976,0.12086880781847467,0.012846440405662171,0.005918552236726044
18.018018018,0.4647905312754891,0.12212059257881538,0.012996283982176452,0.005969286135369681
24.024024024,0.46751490298430015,0.12338131765923376,0.01314761370832179,0.006020399368980436
30.03003003,0.47024078264803065,0.12465099951335393,0.013300441321134894,0.0060718943217323755
36.036036036,0.4729680468998194,0.12592965404061068,0.013454778614679478,0.006123773388877327
42.042042042,0.4756965721840055,0.12721729658053582,0.013610637439911595,0.006176038976764234
48.048048048,0.4784262347729205,0.12851394190708804,0.013768029704539133,0.006228693502858271
54.0540540541,0.4811569107837196,0.12981960422302777,0.013926967372875448,0.006281739395759708
60.0600600601,0.48388847619524794,0.13113429715433816,0.014087462465687088,0.006335179095222517
66.0660660661,0.4866208068649389,0.1324580337446938,0.014249527060035563,0.006389015052172735
72.0720720721,0.48935377854573947,0.1337908264499784,0.014413173289113115,0.006443249728726558
78.0780780781,0.49208726690305954,0.13513268713285267,0.014578413342072459,0.00649788559820818
84.0840840841,0.4948211475317413,0.13648362705737432,0.014745259463850432,0.006552925145167371
90.0900900901,0.49755529597304443,0.13784365688367062,0.014913723954985527,0.006608370865396786
96.0960960961,0.5002895877316439,0.13921278666266582,0.015083819171429258,0.006664225265949004
102.102102102,0.5030238982926354,0.14059102583086414,0.015255557524351326,0.006720490865153304
108.108108108,0.5057581031385462,0.14197838320519,0.015428951479938528,0.006777170192632156
114.114114114,0.5084920777663455,0.14337486697788665,0.015604013559187392,0.006834265789317445
120.12012012,0.5112256977044526,0.1447804847114748,0.015780756337690476,0.0068917802074664105
126.126126126,0.5139588385297368,0.1461952433337722,0.015959192445416295,0.006949716010677304
132.132132132,0.5166913758845073,0.14761914913297594,0.016139334566482862,0.0070080757739047666
138.138138138,0.5194231854934874,0.1490522077528084,0.016321195438924768,0.0070668620834749086
144.144144144,0.5221541431807705,0.15049442418772851,0.016504787854453768,0.007126077537100112
150.15015015,0.5248841248867531,0.15194580277820946,0.016690124658212867,0.007185724743893529
156.156156156,0.5276130066850414,0.15340634720608406,0.016877218748523836,0.00724580632438329
162.162162162,0.5303406647993283,0.1548760604899594,0.01706608307662813,0.007306324910526411
168.168168168,0.5330669756202346,0.1563549449807017,0.01725673064642116,0.0073672831457224
174.174174174,0.5357918157221145,0.157843002356993,0.01744917451417992,0.00742868368482656
180.18018018,0.5385150618798171,0.15934023362096067,0.017643427788283872,0.0074905291941629835
186.186186186,0.5412365910854042,0.1608466390938812,0.017839503628929124,0.007552822351537236
192.192192192,0.5439562805648174,0.16236221841195952,0.0180374152478358,0.007615565846248729
198.198198198,0.5466740077944929,0.16388697052218504,0.018237175907948613,0.007678762379102781
204.204204204,0.5493896505179194,0.1654208936782656,0.018438798923130575,0.0077424146624223466
210.21021021,0.5521030867621349,0.16696398543664076,0.01864229765784985,0.007806525420059443
216.216216216,0.5548141948541598,0.1685162426525755,0.018847685526859666,0.007871097387406238
222.222222222,0.5575228534373617,0.17007766147633555,0.019054975994871295,0.007936133311405818
228.228228228,0.5602289414877487,0.17164823734944556,0.01926418257622005,0.008001635950562625
234.234234234,0.5629323383301872,0.1732279650010315,0.019475318834524257,0.00806760807495256
240.24024024,0.5656329236545413,0.174816838444248,0.019688398382337217,0.008134052466232751
246.246246246,0.5683305775317292,0.17641485097279236,0.019903434880792055,0.008200971917650988
252.252252252,0.5710251804296935,0.17802199515750602,0.02012044203923949,0.008268369234054808
258.258258258,0.5737166132292825,0.17963826284306467,0.02033943361487846,0.008336247231900244
264.264264264,0.5764047572400373,0.18126364514475823,0.0205604234123796,0.008404608739260222
270.27027027,0.5790894942158836,0.18289813244536182,0.020783425283501505,0.008473456595832615
276.276276276,0.5817707063707225,0.1845417143920987,0.021008453126699796,0.008542793652947937
282.282282282,0.5844482763939178,0.18619437989369636,0.02123552088672893,0.008612622773576686
288.288288288,0.5871220874656773,0.1878561171175368,0.02146464255423674,0.008682946832336327
294.294294294,0.5897920232723226,0.18952691348690212,0.02169583216535167,0.008753768715497922
300.3003003,0.5924579680214463,0.19120675567831624,0.021929103801262707,0.008825091320992379
306.306306306,0.5951198064569521,0.19289562961898415,0.02216447158779193,0.008896917558416352
312.312312312,0.5977774238739744,0.19459352048432937,0.022401949694959726,0.008969250349037767
318.318318318,0.6004307061336753,0.1963004126956307,0.022641552336542574,0.009042092625800966
324.324324324,0.6030795396779147,0.1980162899177593,0.022883293769623433,0.00911544733333149
330.33033033,0.6057238115437905,0.19974113505701704,0.023127188294134682,0.00918931742794047
336.336336336,0.6083634093780466,0.201474930259077,0.023373250252393597,0.00926370587762865
342.342342342,0.610998221451345,0.20321765690702712,0.02362149402863035,0.009338615662090023
348.348348348,0.6136281366723991,0.20496929561951777,0.0238719340485085,0.009414049772715066
354.354354354,0.6162530446019652,0.20672982624901434,0.024124584778637957,0.00949001121259361
360.36036036,0.6188728354666889,0.2084992278801555,0.024379460726080417,0.0095665029965173
366.366366366,0.6214874001728052,0.21027747882821812,0.02463657643784723,0.009643528150981667
372.372372372,0.624096630319687,0.21206455663768953,0.0248959465003897,0.009721089714187794
378.378378378,0.6267004182132407,0.21386043808094818,0.02515758553908178,0.009799190736043599
384.384384384,0.6292986568791468,0.21566509915705315,0.025421508217695166,0.00987783427816469
390.39039039,0.6318912400759402,0.21747851509064361,0.02568772923786678,0.009957023413874833
396.396396396,0.6344780623079312,0.21930066033094875,0.025956263338558605,0.010036761228206004
402.402402402,0.6370590188379613,0.22113150855090882,0.02622712529550985,0.010117050817898028
408.408408408,0.6396340056999931,0.2229710326464085,0.0265003299206815,0.0101978952913978
414.414414414,0.6422029197115313,0.22481920473562245,0.026775892061693153,0.010279297768858093
420.42042042,0.644765658485873,0.22667599615847459,0.027053826601252183,0.010361261382135948
426.426426426,0.6473221204441828,0.22854137747621103,0.02733414845657521,0.010443789274790628
432.432432432,0.6498722048273939,0.23041531847108768,0.027616872578801868,0.010526884602081163
438.438438438,0.6524158117079293,0.2322977881461729,0.027902013952400856,0.010610550530963448
444.444444444,0.6549528420012429,0.23418875472526604,0.02818958759456827,0.010694790240086925
450.45045045,0.657483197477179,0.23608818565293196,0.02847960855461821,0.010779606919790815
456.456456456,0.660006780771145,0.23799604759465262,0.028772091913365636,0.010865003772099927
462.462462462,0.6625234953950992,0.2399123064370957,0.029067052782501532,0.010950984010720016
468.468468468,0.6650332457483484,0.24183692728850115,0.029364506303960272,0.011037550861032697
474.474474474,0.6675359371281554,0.2437698744791857,0.029664467649279276,0.011124707560089925
480.48048048,0.6700314757401535,0.24571111156216624,0.029966952018950912,0.011212457356608014
486.486486486,0.6725197687085668,0.24766060131390208,0.03027197464176664,0.011300803510961206
492.492492492,0.6750007240862336,0.24961830573515653,0.030579550774153412,0.011389749295174787
498.498498498,0.6774742508644326,0.25158418605197835,0.030889695699502333,0.011479297992917754
504.504504505,0.6799402589825088,0.2535582027168032,0.031202424727489547,0.011569452899495007
510.510510511,0.6823986593372983,0.25554031540967537,0.03151775319338941,0.011660217321839085
516.516516517,0.6848493637923505,0.25753048303959036,0.0318356964573799,0.011751594578501442
522.522522523,0.6872922851869461,0.259528663745958,0.03215626990384028,0.011843587999643244
528.528528529,0.6897273373449084,0.261534814900187,0.03247948894064106,0.011936200927025704
534.534534535,0.6921544350832096,0.2635488931073905,0.03280536899842618,0.012029436713999937
540.540540541,0.6945734942203665,0.2655708542082133,0.033133925529887566,0.01212329872549634
546.546546547,0.6969844315846283,0.2676006532807806,0.03346517400903183,0.012217790338013493
552.552552553,0.6993871650219529,0.26963824464276825,0.03379912993043941,0.012312914939606581
558.558558559,0.7017816134037712,0.2716835818535953,0.03413580880851592,0.012408675929875325
564.564564565,0.7041676966345394,0.2737366177167378,0.03447522617673585,0.012505076719951429
570.570570571,0.7065453356590762,0.27579730428216487,0.03481739758687864,0.012602120732485535
576.576576577,0.7089144524696862,0.2778655928488966,0.03516233860825698,0.012699811401633688
582.582582583,0.7112749701130674,0.2799414339676838,0.03551006482693759,0.012798152173043304
588.588588589,0.7136268126970015,0.28202477744380927,0.035860591844954284,0.012897146503838636
594.594594595,0.715969905396828,0.2841155723400116,0.03621393527951349,0.012996797862605743
600.600600601,0.7183041744617,0.2862137669795297,0.03657011076219209,0.013097109729376957
606.606606607,0.7206295472206212,0.28831930894926944,0.036929133938127766,0.013198085595614837
612.612612613,0.7229459520882642,0.2904321451030913,0.037291020465201725,0.013299728964195618
618.618618619,0.7252533185705691,0.29255222156521943,0.03765578601321392,0.01340204334939215
624.624624625,0.7275515772701224,0.2946794837337717,0.03802344626305073,0.01350503227685632
630.630630631,0.7298406598913151,0.29681387628440986,0.038394016905845166,0.013608699283600957
636.636636637,0.7321204992452802,0.29895534317411115,0.03876751364212959,0.013713047917981221
642.642642643,0.7343910292546098,0.301103827645059,0.03914395218098097,0.013818081739675461
648.648648649,0.7366521849578503,0.3032592722286542,0.039523348239158755,0.01392380431966556
654.654654655,0.7389039025137776,0.30542161874964524,0.039905717540235315,0.01403021924021674
660.660660661,0.7411461192054491,0.307590808330378,0.04029107581371902,0.014137330094856857
666.666666667,0.7433787734440369,0.30976678139516367,0.040679438794169985,0.014245140488355132
672.672672673,0.7456018047724371,0.31194947767476516,0.041070822220308514,0.014353654036700384
678.678678679,0.7478151538686605,0.3141388362110013,0.04146524183411624,0.014462874367078693
684.684684685,0.7500187625490004,0.31633479536146814,0.04186271337993004,0.014572805117850541
690.690690691,0.752212573770981,0.31853729280437704,0.04226325260352871,0.014683449938527411
696.696696697,0.754396531636085,0.320746265543509,0.04266687525121248,0.01479481248974783
702.702702703,0.7565705813922605,0.3229616499132846,0.04307359706887539,0.014906896443252873
708.708708709,0.7587346694362095,0.3251833815839486,0.043483433801070524,0.015019705481861111
714.714714715,0.7608887433154562,0.3274113955668697,0.04389640119006821,0.015133243299443017
720.720720721,0.7630327517301976,0.329645626219953,0.04431251497490717,0.0152475136008948
726.726726727,0.7651666445349349,0.3318860072531663,0.04473179089043866,0.015362520102111702
732.732732733,0.7672903727398886,0.33413247173417815,0.04515424466636369,0.015478266529960717
738.738738739,0.7694038885121967,0.33638495209410796,0.04557989202626331,0.01559475662225276
744.744744745,0.7715071451768958,0.33864338013338635,0.046008748686622046,0.01571199412771426
750.750750751,0.7736000972176891,0.34090768702772595,0.0464408303558445,0.0158299828059582
756.756756757,0.7756827002774983,0.34317780333420117,0.04687615273326519,0.01594872642745458
762.762762763,0.7777549111588034,0.3454536589974362,0.04731473150815162,0.0160682287735003
768.768768769,0.779816687823769,0.3477351833559007,0.047756582358700714,0.016188493636188486
774.774774775,0.7818679893941607,0.3500223051483118,0.04820172095102861,0.01630952481837723
780.780780781,0.7839087761510495,0.3523149525201419,0.048650162938153815,0.01643132613365775
786.786786787,0.7859390095343087,0.3546130530302309,0.04910192395897392,0.016553901406321972
792.792792793,0.7879586521419019,0.35691653365750237,0.04955701963723574,0.016677254471329526
798.798798799,0.7899676677289642,0.35922532080778213,0.05001546558049909,0.016801389174274168
804.804804805,0.7919660212066788,0.36153934032071877,0.050477277379094174,0.01692630937134959
810.810810811,0.7939536786409485,0.36385851747680437,0.05094247060507265,0.017052018929314666
816.816816817,0.795930607250865,0.366182777004495,0.051411060811152424,0.01717852172545809
822.822822823,0.7978967754069771,0.3685120430874296,0.051883063529656284,0.017305821647562433
828.828828829,0.7998521526293586,0.37084623937174593,0.052358494271444345,0.017433922593867574
834.834834835,0.801796709585478,0.3731852889734929,0.05283736852484043,0.01756282847303358
840.840840841,0.8037304180878716,0.37552911448613746,0.05331970175455246,0.017692543204102937
846.846846847,0.8056532510916216,0.3778776379881656,0.05380550940058683,0.017823070716462212
852.852852853,0.8075651826916402,0.3802307810507755,0.054294806877156945,0.01795441494980309
858.858858859,0.8094661881197631,0.3825884647456623,0.054787609571585905,0.018086579854082813
864.864864865,0.811356243741651,0.3849506096528925,0.05528393284320341,0.018219569389484016
870.870870871,0.8132353270535052,0.38731713586886707,0.05578379202223701,0.01835338752637393
876.876876877,0.8151034166785948,0.3896879630143721,0.0562872024086977,0.018488038245262992
882.882882883,0.8169604923636005,0.39206301024271545,0.05679417927125998,0.018623525536762837
888.888888889,0.8188065349747755,0.3944421962479478,0.0573047378461364,0.01875985340154367
894.894894895,0.8206415264939256,0.39682543927316727,0.05781889333594671,0.018897025850291006
900.900900901,0.8224654500142106,0.3992126571189058,0.05833666090858169,0.019035046903661815
906.906906907,0.8242782897357688,0.4016037671515958,0.05885805569606167,0.01917392059224002
912.912912913,0.8260800309611677,0.40399868631211605,0.059383092793389915,0.01931365095649139
918.918918919,0.8278706600906809,0.406397331124415,0.05991178725740082,0.019454242046717782
924.924924925,0.8296501646173956,0.4087996177042102,0.060444154105603144,0.01959569792301078
930.930930931,0.8314185331221513,0.411205461767762,0.060980208315018276,0.01973802265520469
936.936936937,0.8331757552683127,0.41361477864072077,0.06151996482101356,0.019881220322828897
942.942942943,0.8349218217963784,0.4160274832670449,0.062063438516130894,0.02002529501505961
948.948948949,0.8366567245184285,0.41844349021798943,0.06261064424891061,0.02017025083067094
954.954954955,0.8383804563124123,0.4208627137011624,0.06316159682271065,0.02031609187798537
960.960960961,0.8400930111162794,0.4232850675696484,0.06371631099452134,0.020462822274823565
966.966966967,0.8417943839219562,0.42571046533119694,0.06427480147377551,0.020610446148453556
972.972972973,0.8434845707691694,0.42813882015747445,0.06483708292115445,0.020758967635539267
978.978978979,0.8451635687391208,0.4305700448933779,0.06540316994738939,0.020908390882088408
984.984984985,0.8468313759480135,0.4330040520664091,0.06597307711205894,0.021058720043399717
990.990990991,0.8484879915404333,0.43544075389610676,0.06654681892238233,0.02120995928400956
996.996996997,0.8501334156825882,0.4378800623035362,0.06712440983200865,0.02136211277763787
1003.003003,0.8517676495554065,0.44032188892083335,0.0677058642398022,0.021515184707133456
1009.00900901,0.8533906953474989,0.4427661451008027,0.06829119648862396,0.021669179264418633
1015.01501502,0.8550025562479842,0.4452127419265666,0.0688804208641094,0.02182410065043322
1021.02102102,0.8566032364391832,0.44766159022126467,0.06947355159344258,0.021979953075077874
1027.02702703,0.8581927410891826,0.45011260055780095,0.07007060284412672,0.022136740757156773
1033.03303303,0.8597710763442711,0.45256568326863794,0.07067158872275137,0.022294467924319626
1039.03903904,0.8613382493212511,0.4550207484556347,0.07127652327375618,0.02245313881300304
1045.04504505,0.8628942680996289,0.4574777059999281,0.07188542047819145,0.02261275766837122
1051.05105105,0.8644391417136836,0.45993646557185464,0.07249829425247553,0.022773328744256006
1057.05705706,0.8659728801444213,0.46239693664091186,0.0731151584471492,0.02293485630309625
1063.06306306,0.8674954943114136,0.4648590284857567,0.07373602684562705,0.02309734461587652
1069.06906907,0.8690069960645249,0.4673226502042395,0.07436091316294606,0.023260797962065143
1075.07507508,0.8705073981755316,0.46978771072347153,0.07498983104451147,0.023425220629551588
1081.08108108,0.8719967143296339,0.4722541188099243,0.07562279406483999,0.02359061691458317
1087.08708709,0.8734749591168653,0.4747217830795587,0.0762598157263005,0.02375699112170109
1093.09309309,0.8749421480234009,0.47719061200798246,0.07690090945785234,0.023924347563675785
1099.0990991,0.8763982974227672,0.47966051394063336,0.07754608861378127,0.02409269056144165
1105.10510511,0.8778434245669576,0.48213139710298675,0.07819536647243333,0.024262024444031045
1111.11111111,0.8792775475774548,0.4846031696107857,0.07884875623494644,0.02443235354850764
1117.11711712,0.8807006854361629,0.4870757394802913,0.07950627102398027,0.02460368221989909
1123.12312312,0.8821128579762535,0.4895490146385517,0.08016792388244402,0.02477601481112904
1129.12912913,0.8835140858729268,0.4920229029336877,0.08083372777222261,0.024949355682948433
1135.13513514,0.8849043906340907,0.494497312145193,0.08150369557290117,0.025123709203866154
1141.14114114,0.886283794590962,0.4969721499942473,0.08217784008048805,0.025299079750078994
1147.14714715,0.8876523208885908,0.4994473241540406,0.08285617400613639,0.02547547170540093
1153.15315315,0.8890099934763118,0.5019227422601057,0.08353870997486447,0.02565288946119173
1159.15915916,0.890356837098125,0.5043983119206584,0.08422546052427485,0.025831337416284864
1165.16516517,0.8916928772830081,0.5068739407269429,0.08491643810327244,0.026010819976914748
1171.17117117,0.8930181403351644,0.5093495362635795,0.08561165507078178,0.026191341556643304
1177.17717718,0.8943326533242077,0.5118250061189142,0.08631112369446332,0.026372906576285816
1183.18318318,0.8956364440752884,0.514300257895368,0.0870148561494292,0.026555519463836122
1189.18918919,0.8969295411591609,0.5167751992197824,0.08772286451695836,0.026739184654391117
1195.1951952,0.8982119738821988,0.5192497377537615,0.08843516078321123,0.026923906590074567
1201.2012012,0.8994837722763571,0.5217237812040068,0.08915175683794417,0.02710968971996023
1207.20720721,0.9007449670890866,0.5241972373326439,0.08987266447322366,0.02729653849999431
1213.21321321,0.9019955897732008,0.5266700139675392,0.09059789538214043,0.027484457392917192
1219.21921922,0.903235672476701,0.5291420190126038,0.09132746115752369,0.027673450868184526
1225.22522523,0.9044652480325591,0.5316131604580833,0.09206137329065554,0.027863523401887594
1231.23123123,0.9056843499484633,0.5340833463908317,0.0927996431699857,0.028054679476672992
1237.23723724,0.9068930123965275,0.5365524850045672,0.09354228207984663,0.028246923581661643
1243.24324324,0.9080912702029691,0.5390204846101083,0.09428930119916937,0.02844026021236709
1249.24924925,0.9092791588377545,0.5414872536455875,0.09504071160019989,0.028634693870613133
1255.25525526,0.910456714404219,0.5439527006866417,0.0957965242472165,0.028830229064450732
1261.26126126,0.9116239736286609,0.5464167344565773,0.09655674999524803,0.029026870308074264
1267.26726727,0.9127809738499125,0.5488792638365071,0.09732139958879323,0.029224622121737064
1273.27327327,0.9139277530088923,0.5513401978754582,0.09809048366054135,0.029423489031666278
1279.27927928,0.915064349638139,0.5537994458004488,0.09886401273009417,0.029623475569977027
1285.28528529,0.9161908028513311,0.5562569170265318,0.09964199720268938,0.029824586274585885
1291.29129129,0.9173071523327943,0.5587125211668029,0.10042444736792575,0.030026825689123654
1297.2972973,0.9184134383269982,0.5611661680423732,0.10121137339848997,0.030230198362847453
1303.3033033,0.9195097016280468,0.5636177676923015,0.10200278534888546,0.030434708850552127
1309.30930931,0.9205959835691633,0.5660672303834879,0.10279869315416319,0.030640361712480937
1315.31531532,0.9216723260121725,0.5685144666205237,0.10359910662865465,0.03084716151423559
1321.32132132,0.9227387713369837,0.570959387155498,0.10440403546470721,0.031055112826685553
1327.32732733,0.9237953624310749,0.5734019029977581,0.10521348923142186,0.031264220225876695
1333.33333333,0.9248421426789823,0.5758419254236226,0.10602747737339362,0.031474488292939216
1339.33933934,0.9258791559517973,0.578279365986045,0.10684600920945457,0.03168592161399491
1345.34534535,0.926906446596671,0.580714136524226,0.1076690939314199,0.03189852478006372
1351.35135135,0.9279240594263328,0.5831461491731729,0.10849674060283682,0.032112302386969604
1357.35735736,0.9289320397086207,0.5855753163732044,0.10932895815773669,0.032327259035245734
1363.36336336,0.929930433156029,0.5880015508793995,0.11016575539939048,0.03254339933003895
1369.36936937,0.9309192859152736,0.5904247657709878,0.1110071409990676,0.03276072788101359
1375.37537538,0.9318986445568788,0.5928448744606801,0.11185312349479826,0.03297924930225461
1381.38138138,0.9328685560647852,0.5952617907039384,0.1127037112901397,0.03319896821216997
1387.38738739,0.9338290678259843,0.5976754286081815,0.11355891265294611,0.03341988923339241
1393.39339339,0.9347802276201783,0.6000857026419275,0.11441873571414264,0.033642016992680476
1399.3993994,0.9357220836094703,0.6024925276438691,0.11528318846650351,0.03386535612081888
1405.40540541,0.9366546843280844,0.6048958188318807,0.11615227876343442,0.0340899112525182
1411.41141141,0.9375780786721201,0.6072954918119571,0.11702601431775943,0.034315687026313844
1417.41741742,0.9384923158893406,0.6096914625870801,0.11790440270051226,0.034542688084464375
1423.42342342,0.9393974455689992,0.6120836475660134,0.11878745133973254,0.03477091907284912
1429.42942943,0.9402935176317038,0.6144719635720228,0.11967516751926666,0.03500038464086511
1435.43543544,0.9411805823193229,0.616856327851521,0.12056755837757381,0.03523108944132337
1441.44144144,0.9420586901849344,0.6192366580826352,0.1214646309065371,0.035463038130344425
1447.44744745,0.9429278920828186,0.621612872383696,0.1223663919502799,0.03569623536725327
1453.45345345,0.9437882391584979,0.6239848893216469,0.12327284820398778,0.03593068581447354
1459.45945946,0.9446397828388248,0.6263526279203712,0.12418400621273581,0.036166394137421065
1465.46546547,0.9454825748221198,0.6287160076689374,0.12509987237032183,0.03640336500439672
1471.47147147,0.9463166670683613,0.6310749485297592,0.1260204529181053,0.036641603086478604
1477.47747748,0.9471421117894281,0.6334293709466702,0.12694575394385244,0.036881113057413574
1483.48348348,0.9479589614393981,0.6357791958529118,0.12787578138058736,0.03712189959350805
1489.48948949,0.9487672687049026,0.6381243446790328,0.12881054100544953,0.03736396737351819
1495.4954955,0.9495670864955398,0.6404647393606993,0.12975003843855767,0.03760732107853937
1501.5015015,0.9503584679343476,0.6428003023464133,0.13069427914188034,0.03785196539189502
1507.50750751,0.9511414663483381,0.64513095660514,0.13164326841811308,0.038097904999024754
1513.51351351,0.9519161352590944,0.6474566256338411,0.13259701140956262,0.038345144587371864
1519.51951952,0.9526825283734325,0.6497772334649136,0.13355551309703795,0.038593688846270124
1525.52552553,0.9534406995741287,0.6520927046735328,0.13451877829874873,0.038843542466829965
1531.53153153,0.9541907029107141,0.6544029643848988,0.13548681166921087,0.03909471014182393
1537.53753754,0.9549325925903375,0.6567079382813843,0.13645961769815956,0.03934719656557153
1543.54354354,0.9556664229686984,0.6590075526095837,0.13743720070947008,0.039601006433823374
1549.54954955,0.9563922485410513,0.6613017341872613,0.1384195648600861,0.03985614444364472
1555.55555556,0.9571101239332822,0.6635904104101992,0.13940671413895614,0.04011261529329829
1561.56156156,0.9578201038930587,0.6658735092589415,0.1403986523659778,0.04037042368212649
1567.56756757,0.9585222432810552,0.6681509593054364,0.14139538319095035,0.040629574310432924
1573.57357357,0.959216597062254,0.6704226897195731,0.14239691009253563,0.040890071879363304
1579.57957958,0.9599032202973239,0.6726886302756132,0.14340323637722727,0.04115192109078568
1585.58558559,0.9605821681340763,0.6749487113585166,0.1444143651783286,0.04141512664717004
1591.59159159,0.9612534957990014,0.6772028639701598,0.14543029945493935,0.04167969325146727
1597.5975976,0.9619172585888847,0.6794510197354459,0.14645104199095121,0.041945625606987405
1603.6036036,0.962573511862504,0.6816931109083058,0.14747659539405236,0.042212928417277355
1609.60960961,0.9632223110324099,0.6839290703775899,0.14850696209474123,0.04248160638599788
1615.61561562,0.963863711556789,0.6861588316728492,0.14954214434534954,0.042751664216799976
1621.62162162,0.9644977689314109,0.6883823289700045,0.15058214421907481,0.04302310661320065
1627.62762763,0.9651245386816611,0.690599497096904,0.15162696360902245,0.043295938278458006
1633.63363363,0.9657440763546588,0.6928102715387684,0.1526766042272575,0.04357016391544574
1639.63963964,0.9663564375114619,0.6950145884435213,0.15373106760386648,0.043845788226527
1645.64564565,0.9669616777193597,0.6972123846270066,0.15479035508602887,0.04412281591342759
1651.65165165,0.9675598525442528,0.6994035975780911,0.1558544678370991,0.044401251677108594
1657.65765766,0.9681510175431229,0.7015881654636503,0.15692340683569858,0.04468110021763834
1663.66366366,0.9687352282565914,0.7037660271334397,0.1579971728748182,0.044962366234063786
1669.66966967,0.9693125402015684,0.7059371221248488,0.1590757665609315,0.04524505442428124
1675.67567568,0.9698830088639927,0.708101390667538,0.1601591883131183,0.04552916948490651
1681.68168168,0.9704466896916627,0.7102587736879579,0.16124743836219935,0.04581471611114441
1687.68768769,0.9710036380871596,0.7124092128137508,0.16234051674988184,0.046101698996657677
1693.69369369,0.9715539094008626,0.7145526503780335,0.16343842332791605,0.04639012283343527
1699.6996997,0.9720975589240572,0.7166890294235609,0.16454115775726316,0.04667999231166008
1705.70570571,0.9726346418821371,0.7188182937067705,0.1656487195072744,0.046971312119576024
1711.71171171,0.9731652134278991,0.7209403877017071,0.16676110785488177,0.047264086943354544
1717.71771772,0.9736893286349326,0.7230552566038276,0.16787832188380034,0.04755832146696052
1723.72372372,0.9742070424911041,0.7251628463336854,0.16900036048374217,0.04785402037201758
1729.72972973,0.9747184098921353,0.7272631035404942,0.17012722234964234,0.04815118833767284
1735.73573574,0.9752234856352772,0.7293559756055702,0.17125890598089671,0.048449830040461016
1741.74174174,0.9757223244130793,0.7314414106456549,0.172395409680612,0.04874995015416801
1747.74774775,0.9762149808072546,0.7335193575161147,0.17353673155486807,0.049051553349693876
1753.75375375,0.9767015092826399,0.7355897658140202,0.17468286951199244,0.049354644294915206
1759.75975976,0.977181964181253,0.7376525858811036,0.1758338212618476,0.049659227654546986
1765.76576577,0.9776563997164451,0.7397077688065941,0.1769895843151306,0.04996530809000383
1771.77177177,0.9781248699671502,0.741755266429932,0.17815015598268563,0.05027289025926067
1777.77777778,0.9785874288722303,0.7437950313433607,0.17931553337482942,0.0505819788167129
1783.78378378,0.9790441302249174,0.7458270168943966,0.18048571340068947,0.050892578413035926
1789.78978979,0.9794950276673524,0.7478511771881775,0.1816606927675556,0.05120469369504418
1795.7957958,0.9799401746852194,0.7498674670896889,0.18284046798024456,0.05151832930554956
1801.8018018,0.9803796246024775,0.7518758422258683,0.18402503534047812,0.051833489883219376
1807.80780781,0.9808134305761886,0.7538762589875886,0.18521439094627445,0.05215018006243367
1813.81381381,0.9812416455914418,0.7558686745315183,0.1864085306913532,0.052468404473142036
1819.81981982,0.9816643224563738,0.7578530467818622,0.18760745026455422,0.05278816774071993
1825.82582583,0.9820815137972859,0.7598293344319789,0.18881114514927003,0.05310947448582437
1831.83183183,0.982493272053857,0.7617974969458786,0.19001961062289227,0.053432329324249184
1837.83783784,0.9828996494744516,0.7637574945595992,0.19123284175627214,0.053756736866779675
1843.84384384,0.9833006981115257,0.7657092882824614,0.19245083341319497,0.05408270171904678
1849.84984985,0.9836964698171251,0.7676528398982044,0.19367358024986892,0.0544102284813807
1855.85585586,0.9840870162384822,0.7695881119660006,0.19490107671442825,0.05473932174866406
1861.86186186,0.9844723888137051,0.7715150678213509,0.1961333170464508,0.05506998611018449
1867.86786787,0.9848526387675635,0.7734336715768602,0.19737029527649008,0.05540222614948672
1873.87387387,0.9852278171073673,0.7753438881228938,0.1986120052256222,0.055736046444224224
1879.87987988,0.985597974618941,0.7772456831281157,0.1998584405050072,0.05607145156601027
1885.88588589,0.9859631618626906,0.7791390230399077,0.20110959451546553,0.05640844608026854
1891.89189189,0.9863234291697645,0.7810238750846711,0.20236546044706938,0.05674703454608328
1897.8978979,0.986678826638307,0.7829002072680111,0.20362603127874898,0.05708722151604886
1903.9039039,0.9870294041298052,0.7847679883748041,0.2048912997779142,0.057429011536118964
1909.90990991,0.9873752112655274,0.7866271879691482,0.20616125850009118,0.057772409145455256
1915.91591592,0.9877162974230534,0.788477776394199,0.20743589978857452,0.05811741887627554
1921.92192192,0.9880527117328963,0.7903197247718886,0.2087152157740947,0.05846404525370151
1927.92792793,0.988384503075215,0.7921530050025312,0.2099991983745011,0.058812292795605986
1933.93393393,0.9887117200766167,0.7939775897643137,0.21128783929446063,0.05916216601245972
1939.93993994,0.9890344111070499,0.7957934525126733,0.21258113002517195,0.059513669407177734
1945.94594595,0.9893526242767863,0.7976005674795621,0.2138790618440956,0.0598668074749652
1951.95195195,0.9896664074334911,0.7993989096725994,0.21518162581469988,0.0602215847031629
1957.95795796,0.9899758081593819,0.8011884548741129,0.21648881278622262,0.06057800557109219
1963.96396396,0.9902808737684751,0.8029691796400691,0.21780061339344917,0.06093607454989961
1969.96996997,0.990581651303919,0.804741061298893,0.21911701805650624,0.06129579610240098
1975.97597598,0.9908781875354135,0.8065040779501798,0.2204380169806721,0.061657174682925114
1981.98198198,0.9911705289567156,0.8082582084632968,0.22176360015620294,0.06202021473715708
1987.98798799,0.9914587217832301,0.8100034324758789,0.22309375735817547,0.0623849207019811
1993.99399399,0.9917428119496836,0.8117397303922164,0.22442847814634612,0.06275129700532298
2000.0,0.9920228451078841,0.8134670833815368,0.22576775186502654,0.0631193480659921
2006.00600601,0.9922988666245621,0.8151854733761823,0.22711156764297571,0.06348907829352318
2012.01201201,0.9925709215792952,0.8168948830696817,0.22845991439330862,0.06386049208801739
2018.01801802,0.9928390547625132,0.8185952959147204,0.22981278081342155,0.06423359383998327
2024.02402402,0.9931033106735856,0.8202866961210067,0.23117015538493424,0.06460838793017717
2030.03003003,0.9933637335189879,0.8219690686530375,0.23253202637364875,0.06498487872944335
2036.03603604,0.9936203672105482,0.8236423992277631,0.2338983818295251,0.06536307059855365
2042.04204204,0.9938732553637726,0.8253066743121519,0.23526920958667402,0.06574296788804684
2048.04804805,0.9941224412962476,0.8269618811206575,0.23664449726336642,0.06612457493806763
2054.05405405,0.9943679680261209,0.8286080076125876,0.2380242322620601,0.06650789607820518
2060.06006006,0.994609878270658,0.8302450424893759,0.23940840176944345,0.06689293562733145
2066.06606607,0.9948482144448743,0.8318729751917597,0.2407969927564962,0.06727969789343904
2072.07207207,0.9950830186602416,0.8334917958968618,0.24218999197856741,0.06766818717347879
2078.07807808,0.9953143327234705,0.8351014955151794,0.24358738597547083,0.06805840775319696
2084.08408408,0.9955421981353629,0.8367020656874808,0.24498916107159718,0.06845036390697215
2090.09009009,0.9957666560897399,0.838293498781611,0.24639530337604407,0.06884405989765184
2096.0960961,0.995987747472439,0.8398757878892061,0.24780579878276307,0.06923949997638865
2102.1021021,0.996205512860383,0.8414489268223206,0.24922063297072436,0.06963668838247625
2108.10810811,0.9964199925207184,0.8430129101099649,0.2506397914040986,0.07003562934318497
2114.11411411,0.9966312264100234,0.844567732994557,0.2520632593324563,0.07043632707359715
2120.12012012,0.9968392541735825,0.8461133914282887,0.25349102179098504,0.07083878577644209
2126.12612613,0.9970441151447302,0.8476498820694072,0.2549230636007235,0.07124300964193085
2132.13213213,0.9972458483442596,0.8491772022784134,0.2563593693688138,0.07164900284759061
2138.13813814,0.9974444924798971,0.8506953501141785,0.2577999234887712,0.07205676955809888
2144.14414414,0.997640085945842,0.8522043243299796,0.25924471014077094,0.07246631392511735
2150.15015015,0.9978326668223692,0.8537041243694555,0.26069371329195345,0.07287764008712554
2156.15615616,0.998022272875495,0.855194750362485,0.26214691669674683,0.07329075216925411
2162.16216216,0.9982089415567051,0.856676203120987,0.2636043038972069,0.07370565428311801
2168.16816817,0.9983927100027432,0.8581484841346455,0.2650658582233753,0.0741223505266493
2174.17417417,0.99857361503546,0.85961159556656,0.26653156279365503,0.07454084498392974
2180.18018018,0.9987516931617217,0.8610655402488222,0.2680014005152038,0.0749611417250232
2186.18618619,0.9989269805733761,0.862510321678021,0.26947535408434525,0.07538324480580778
2192.19219219,0.9990995131472773,0.8639459440106764,0.27095340598699763,0.07580715826780773
2198.1981982,0.9992693264453656,0.8653724120586045,0.27243553849912056,0.07623288613802513
2204.2042042,0.9994364557148042,0.8667897312842138,0.27392173368717926,0.07666043242877144
2210.21021021,0.9996009358881703,0.8681979077957349,0.27541197340862694,0.07708980113749868
2216.21621622,0.9997628015836995,0.8695969483423849,0.27690623931240443,0.07752099624663064
2222.22222222,0.9999220871055835,0.8709868603094668,0.27840451283945805,0.0779540217233937
2228.22822823,1.0000788264443206,0.8723676517134074,0.279906775223275,0.07838888151964754
2234.23423423,1.0002330532771155,0.8737393311967317,0.2814130074904366,0.07882557957171571
2240.24024024,1.0003848009683312,0.8751019080229796,0.28292319046118913,0.07926411980021596
2246.24624625,1.000534102569989,0.8764553920715609,0.2844373047500328,0.07970450610989045
2252.25225225,1.000680990822317,0.8777997938325551,0.2859553307663279,0.08014674238943582
2258.25825826,1.0008254981543472,0.8791351244014542,0.2874772487149192,0.08059083251133303
2264.26426426,1.0009676566845571,0.8804613954738503,0.2890030385967777,0.08103678033167713
2270.27027027,1.0011074982215593,0.8817786193400697,0.29053268020966017,0.08148458969000688
2276.27627628,1.0012450542648343,0.8830868088797562,0.2920661531487865,0.0819342644091342
2282.28228228,1.001380356005508,0.8843859775564019,0.2936034368075344,0.08238580829497355
2288.28828829,1.0015134343271708,0.8856761394118301,0.29514451037815215,0.08283922513637115
2294.29429429,1.001644319806742,0.8869573090606289,0.29668935285248843,0.08329451870493414
2300.3003003,1.0017730427153713,0.8882295016845393,0.29823794302274004,0.08375169275485957
2306.30630631,1.0018996330193841,0.8894927330267973,0.29979025948221727,0.08421075102276336
2312.31231231,1.002024120381264,0.8907470193864325,0.3013462806261264,0.08467169722750914
2318.31831832,1.0021465341606755,0.8919923776125238,0.30290598465236995,0.08513453507003702
2324.32432432,1.0022669034155227,0.8932288250984141,0.3044693495623644,0.08559926823319224
2330.33033033,1.002385256903047,0.8944563797758853,0.30603635316187483,0.08606590038155384
2336.33633634,1.002501623080959,0.8956750601092951,0.3076069730618678,0.08653443516126325
2342.34234234,1.002616030108606,0.8968848850896758,0.3091811866793806,0.0870048761998527
2348.34834835,1.0027285058481745,0.8980858742287985,0.3107589712384083,0.08747722710607381
2354.35435435,1.0028390778659255,0.8992780475532023,0.31234030377080796,0.08795149146972595
2360.36036036,1.002947773433462,0.9004614255981908,0.3139251611172199,0.08842767286148465
2366.36636637,1.0030546195290289,0.9016360294017967,0.3155135199280061,0.08890577483273
2372.37237237,1.0031596428388443,0.9028018804987166,0.3171053566642057,0.08938580091537501
2378.37837838,1.0032628697584594,0.9039590009142164,0.3187006475985076,0.08986775462169398
2384.38438438,1.0033643263941492,0.9051074131580097,0.32029936881623966,0.09035163944415081
2390.39039039,1.0034640385643308,0.9062471402181088,0.32190149621637537,0.09083745885522744
2396.3963964,1.0035620318010094,0.9073782055546527,0.32350700551255673,0.09132521630725217
2402.4024024,1.0036583313512515,0.9085006330937097,0.3251158722341343,0.0918149152322281
2408.40840841,1.0037529621786838,0.9096144472210589,0.32672807172722373,0.09230655904166155
2414.41441441,1.0038459489650178,0.9107196727759507,0.328343579155779,0.09280015112639053
2420.42042042,1.0039373161115985,0.9118163350448469,0.3299623695026823,0.09329569485641331
2426.42642643,1.0040270877409772,0.9129044597551441,0.3315844175708503,0.09379319358071692
2432.43243243,1.0041152876985064,0.9139840730688783,0.3332096979843565,0.09429265062710582
2438.43843844,1.0042019395539585,0.9150552015764153,0.33483818518957076,0.09479406930203062
2444.44444444,1.0042870666031638,0.9161178722901261,0.33646985345631414,0.09529745289041684
2450.45045045,1.004370691869671,0.9171721126380495,0.33810467687903045,0.09580280465549379
2456.45645646,1.0044528381064273,0.9182179504575427,0.33974262937797384,0.0963101278386235
2462.46246246,1.0045335277974763,0.9192554139889213,0.3413836847004121,0.09681942565912983
2468.46846847,1.0046127831596767,0.9202845318690905,0.3430278164218462,0.0973307013141276
2474.47447447,1.0046906261444366,0.9213053331251682,0.34467499794724554,0.0978439579783519
2480.48048048,1.0047670784394667,0.9223178471681006,0.3463252025122988,0.09835919880398745
2486.48648649,1.0048421614705483,0.9233221037862739,0.34797840318468065,0.09887642692049825
2492.49249249,1.0049158964033182,0.9243181331391198,0.34963457286533384,0.09939564543445711
2498.4984985,1.004988304145068,0.9253059657507196,0.3512936842897667,0.09991685742937563
2504.5045045,1.0050594053465576,0.9262856325034056,0.35295571002936627,0.10044006596553409
2510.51051051,1.0051292204038431,0.927257164631362,0.3546206224927262,0.10096527407981165
2516.51651652,1.0051977694601169,0.9282205937142268,0.3562883939269902,0.10149248478551665
2522.52252252,1.00526507240756,0.9291759516706948,0.3579589964192104,0.10202170107221711
2528.52852853,1.0053311488892078,0.930123270752124,0.35963240189772055,0.10255292590557148
2534.53453453,1.0053960183008241,0.931062583536146,0.36130858213352407,0.10308616222715947
2540.54054054,1.005459699792788,0.9319939229202817,0.36298750874169683,0.10362141295431315
2546.54654655,1.0055222122719898,0.9329173221155631,0.3646691531828045,0.10415868097994833
2552.55255255,1.0055835744037351,0.933832814640163,0.3663534867643346,0.10469796917239603
2558.55855856,1.0056438046136602,0.9347404343130332,0.3680404806421423,0.10523928037523424
2564.56456456,1.0057029210896518,0.9356402152475524,0.3697301058219112,0.10578261740711996
2570.57057057,1.0057609417837778,0.9365321918451849,0.3714223331606277,0.10632798306162142
2576.57657658,1.0058178844142227,0.9374163987891516,0.3731171333680697,0.10687538010705058
2582.58258258,1.00587376646723,0.9382928710381135,0.3748144770083087,0.10742481128629593
2588.58858859,1.0059286051990501,0.9391616438198696,0.3765143345012264,0.10797627931665549
2594.59459459,1.0059824176378946,0.9400227526250695,0.37821667612404414,0.10852978688967015
2600.6006006,1.0060352205858931,0.9408762332009433,0.37992147201286625,0.10908533667095727
2606.60660661,1.0060870306210565,0.9417221215450469,0.3816286921642367,0.10964293130004457
2612.61261261,1.0061378640992422,0.942560453899027,0.3833383064367091,0.11020257339020437
2618.61861862,1.006187737156123,0.9433912667424046,0.385050284552429,0.11076426552828807
2624.62462462,1.0062366657091593,0.9442145967863789,0.38676459609873065,0.11132801027456102
2630.63063063,1.006284665459572,0.945030480967652,0.3884812105297449,0.11189381016253769
2636.63663664,1.0063317518943184,0.9458389564422759,0.3902000971680209,0.11246166769881717
2642.64264264,1.0063779402880686,0.946640060579523,0.3919212252061601,0.11303158536291905
2648.64864865,1.0064232457051823,0.9474338309557797,0.393644563708462,0.1136035656071196
2654.65465465,1.0064676830016868,0.9482203053484655,0.3953700816125832,0.11417761085628839
2660.66066066,1.0065112668272536,0.9489995217299776,0.3970977477312076,0.11475372350772522
2666.66666667,1.0065540116271752,0.9497715182616624,0.398827530753729,0.11533190593099749
2672.67267267,1.0065959316443407,0.9505363332878144,0.4005593992479455,0.11591216046777783
2678.67867868,1.0066370409212098,0.9512940053297037,0.40229332166176524,0.11649448943168232
2684.68468468,1.006677353301784,0.9520445730796322,0.4040292663249241,0.117078895108109
2690.69069069,1.0067168824335777,0.9527880753950209,0.4057672014507141,0.11766537975407673
2696.6966967,1.0067556417695835,0.9535245512925269,0.4075070951377237,0.1182539455980647
2702.7027027,1.0067936445702372,0.954254039942193,0.40924891537158853,0.1188445948398521
2708.70870871,1.0068309039053775,0.9549765806616298,0.41099263002675307,0.11943732965035844
2714.71471471,1.0068674326562026,0.9556922129102301,0.4127382068682434,0.12003215217148422
2720.72072072,1.006903243517222,0.9564009762834185,0.4144856135534501,0.12062906451595204
2726.72672673,1.0069383489982047,0.9571029105069351,0.41623481763392156,0.1212280687671483
2732.73273273,1.0069727614261212,0.957798055431155,0.41798578655716767,0.12182916697896523
2738.73873874,1.0070064929470812,0.958486451025444,0.4197384876684734,0.12243236117564348
2744.74474474,1.007039555528265,0.9591681373725506,0.42149288821272224,0.12303765335161518
2750.75075075,1.0070719609598493,0.9598431546630365,0.4232489553362296,0.12364504547134754
2756.75675676,1.0071037208569265,0.960511543189745,0.4250066560885852,0.1242545394691869
2762.76276276,1.0071348466614178,0.961173343342308,0.4267659574245054,0.12486613724920334
2768.76876877,1.0071653496439792,0.9618285956016931,0.4285268262056944,0.12547984068503584
2774.77477477,1.0071952409059,0.9624773405347906,0.43028922920271434,0.1260956516197379
2780.78078078,1.0072245313809944,0.9631196187890411,0.4320531330968646,0.1267135718656237
2786.78678679,1.0072532318374856,0.9637554710871047,0.4338185044820695,0.12733360320411502
2792.79279279,1.0072813528798803,0.9643849382215726,0.43558530986677435,0.1279557473855884
2798.7987988,1.0073089049508372,0.9650080610497201,0.43735351567585024,0.1285800061292231
2804.8048048,1.0073358983330254,0.9656248804883041,0.4391230882525065,0.12920638112284957
2810.81081081,1.007362343150974,0.9662354375084026,0.44089399386021133,0.1298348740227985
2816.81681682,1.0073882493729143,0.9668397731302999,0.4426661986846201,0.1304654864537505
2822.82282282,1.0074136268126106,0.9674379284184155,0.4444396688355113,0.1310982200085863
2828.82882883,1.0074384851311835,0.9680299444762781,0.44621437034872974,0.13173307624823777
2834.83483483,1.0074628338389218,0.9686158624415457,0.44799026918813717,0.13237005670153917
2840.84084084,1.0074866822970858,0.9691957234810712,0.4497673312475697,0.13300916286507955
2846.84684685,1.0075100397197003,0.969769568786015,0.451545522352802,0.1336503962030553
2852.85285285,1.0075329151753363,0.9703374395670037,0.4533248082635185,0.13429375814712372
2858.85885886,1.0075553175888834,0.9708993770493377,0.45510515467529067,0.13493925009625696
2864.86486486,1.0075772557433114,0.9714554224682445,0.45688652722156065,0.13558687341659686
2870.87087087,1.0075987382814204,0.9720056170641814,0.458668891475631,0.13623662944131038
2876.87687688,1.0076197737075803,0.9725500020781868,0.4604522129526604,0.1368885194704455
2882.88288288,1.007640370389459,0.9730886187472794,0.46223645711166483,0.13754254477078828
2888.88888889,1.0076605365597395,0.9736215082999075,0.46402158935752436,0.13819870657572014
2894.89489489,1.0076802803178257,0.9741487119514469,0.4658075750429952,0.13885700608507612
2900.9009009,1.0076996096315358,0.9746702708997499,0.467594379470727,0.1395174444650038
2906.90690691,1.0077185323387843,0.9751862263207426,0.4693819678952848,0.14018002284782294
2912.91291291,1.0077370561492527,0.9756966193640744,0.4711703055251758,0.1408447423318858
2918.91891892,1.0077551886460474,0.9762014911488168,0.4729593575248807,0.14151160398143828
2924.92492492,1.0077729372873456,0.9767008827592142,0.47474908901688934,0.14218060882648184
2930.93093093,1.0077903094080296,0.9771948352404846,0.4765394650837402,0.14285175786263601
2936.93693694,1.0078073122213074,0.9776833895946728,0.47833045077006425,0.14352505205100186
2942.94294294,1.0078239528203223,0.9781665867765549,0.4801220110846323,0.1442004923180261
2948.94894895,1.007840238179749,0.9786444676895938,0.4819141110024057,0.1448780795553661
2954.95495495,1.0078561751573778,0.979117073181948,0.4837067154665906,0.14555781461975564
2960.96096096,1.0078717704956843,0.979584444042531,0.4854997893906952,0.14623969833287134
2966.96696697,1.0078870308233892,0.9800466209971247,0.48729329766059004,0.1469237314812001
2972.97297297,1.0079019626570023,0.9805036447045435,0.4890872051365708,0.14760991481590735
2978.97897898,1.0079165724023553,0.9809555557528525,0.49088147665542375,0.14829824905270583
2984.98498498,1.0079308663561213,0.9814023946556372,0.49267607703249366,0.14898873487172568
2990.99099099,1.00794485070732,0.9818442018483262,0.4944709710637534,0.14968137291738493
2996.996997,1.0079585315388118,0.9822810176845681,0.49626612352787564,0.15037616379826108
3003.003003,1.0079719148287765,0.9827128824326591,0.49806149918830656,0.15107310808696356
3009.00900901,1.0079850064521805,0.9831398362720255,0.4998570627953406,0.15177220632000693
3015.01501502,1.0079978121822297,0.9835619192897582,0.5016527790881967,0.152473458997685
3021.02102102,1.00801033769181,0.9839791714772012,0.5034486127970956,0.15317686658394586
3027.02702703,1.0080225885549123,0.9843916327265918,0.5052445286453381,0.15388242950626782
3033.03303303,1.0080345702480475,0.984799342827756,0.5070404913513837,0.15459014815553623
3039.03903904,1.0080462881516448,0.9852023414648552,0.5088364656309305,0.15530002288592118
3045.04504505,1.008057747551438,0.9856006682131868,0.5106324161989941,0.1560120540147561
3051.05105105,1.0080689536398395,0.9859943625360383,0.512428307771988,0.15672624182241743
3057.05705706,1.008079911517298,0.9863834637815939,0.5142241050698024,0.15744258655220505
3063.06306306,1.0080906261936455,0.9867680111798943,0.5160197728178841,0.15816108841022378
3069.06906907,1.0081011025894289,0.9871480438398498,0.5178152757493147,0.15888174756526566
3075.07507508,1.008111345537229,0.987523600746306,0.5196105786068889,0.15960456414869342
3081.08108108,1.0081213597829664,0.9878947207571624,0.5214056461451909,0.16032953825432478
3087.08708709,1.0081311499871926,0.9882614426005443,0.523200443132671,0.1610566699383177
3093.09309309,1.008140720726369,0.9886238048720263,0.5249949343537192,0.16178595921905667
3099.0990991,1.0081500764941316,0.9889818460319095,0.5267890846107387,0.16251740607704
3105.10510511,1.0081592217025421,0.9893356044025506,0.5285828587262165,0.163251010454768
3111.11111111,1.0081681606833273,0.9896851181657432,0.530376221544793,0.1639867722566324
3117.11711712,1.008176897689102,0.9900304253601517,0.5321691379353288,0.16472469134880655
3123.12312312,1.0081854368945817,0.9903715638787969,0.5339615727929691,0.16546476755913658
3129.12912913,1.0081937823977802,0.9907085714665935,0.5357534910412058,0.16620700067703403
3135.13513514,1.0082019382211944,0.9910414857179398,0.5375448576339371,0.166951390453369
3141.14114114,1.0082099083129752,0.991370344074358,0.539335637557523,0.16769793660036458
3147.14714715,1.008217696548086,0.9916951838221866,0.5411257958328389,0.16844663879149244
3153.15315315,1.008225306729448,0.9920160420903239,0.5429152975173254,0.1691974966613692
3159.15915916,1.0082327425890716,0.992332955848022,0.5447041077070336,0.1699505098056542
3165.16516517,1.008240007789175,0.9926459619027318,0.5464921915386683,0.170705677780948
3171.17117117,1.008247105923291,0.9929550968979988,0.548279514191626,0.1714630001046922
3177.17717718,1.0082540405173572,0.9932603973114084,0.5500660408900288,0.17222247625507034
3183.18318318,1.0082608150307988,0.9935618994525819,0.5518517369047542,0.17298410567090974
3189.18918919,1.0082674328575927,0.9938596394612224,0.5536365675554608,0.17374788775158465
3195.1951952,1.0082738973273233,0.9941536533052092,0.5554204982126079,0.1745138218569203
3201.2012012,1.0082802117062226,0.994443976778743,0.5572034942994717,0.17528190730709825
3207.20720721,1.0082863791981993,0.9947306455005384,0.558985521294155,0.17605214338256278
3213.21321321,1.008292402945854,0.9950136949120667,0.5607665447315926,0.17682452932392842
3219.21921922,1.0082982860314829,0.9952931602758461,0.5625465302055501,0.17759906433188863
3225.22522523,1.008304031478068,0.9955690766737804,0.564325443370618,0.17837574756712565
3231.23123123,1.008309642250256,0.9958414790055451,0.566103249944199,0.17915457815022148
3237.23723724,1.0083151212553234,0.9961104019870223,0.5678799157084898,0.17993555516157
3243.24324324,1.0083204713441307,0.9963758801487809,0.5696554065124563,0.18071867764129035
3249.24924925,1.008325695312063,0.9966379478346054,0.5714296882738019,0.18150394458914135
3255.25525526,1.0083307958999592,0.9968966392000701,0.5732027269809302,0.18229135496443727
3261.26126126,1.00833577579503,0.9971519882111606,0.5749744886948994,0.18308090768596466
3267.26726727,1.0083406376317616,0.99740402864294,0.5767449395513707,0.18387260163190036
3273.27327327,1.0083453839928098,0.9976527940782616,0.5785140457625492,0.1846664356397309
3279.27927928,1.0083500174098805,0.9978983179065262,0.5802817736191167,0.1854624085061729
3285.28528529,1.0083545403646001,0.9981406333224847,0.5820480894921579,0.18626051898709484
3291.29129129,1.0083589552893724,0.9983797733250849,0.583812959835078,0.18706076579743988
3297.2972973,1.0083632645682252,0.9986157707163624,0.5855763511855127,0.18786314761115017
3303.3033033,1.0083674705376457,0.9988486581003756,0.5873382301672296,0.18866766306109217
3309.30930931,1.0083715754874025,0.9990784678821834,0.5890985634920222,0.18947431073898333
3315.31531532,1.0083755816613584,0.9993052322668663,0.5908573179615938,0.19028308919531994
3321.32132132,1.0083794912582713,0.9995289832585906,0.5926144604694342,0.19109399693930637
3327.32732733,1.0083833064325831,0.9997497526597138,0.5943699580026867,0.1919070324387854
3333.33333333,1.0083870292951989,0.9999675720699321,0.596123777644006,0.19272219412017003
3339.33933934,1.008390661914254,1.0001824728854702,0.5978758865734076,0.19353948036837634
3345.34534535,1.008394206315871,1.0003944862983112,0.5996262520701068,0.19435888952675784
3351.35135135,1.0083976644849058,1.0006036432954664,0.6013748415143486,0.19518041989704096
3357.35735736,1.008401038365682,1.0008099746582877,0.6031216223892281,0.1960040697392619
3363.36336336,1.0084043298627168,1.0010135109618177,0.6048665622825002,0.1968298372717048
3369.36936937,1.0084075408414337,1.0012142825741792,0.6066096288883805,0.19765772067084117
3375.37537538,1.0084106731288673,1.001412319656005,0.6083507900093342,0.19848771807127066
3381.38138138,1.0084137285143564,1.0016076521599053,0.6100900135578562,0.19931982756566322
3387.38738739,1.008416708750227,1.001800309829973,0.6118272675582396,0.20015404720470237
3393.39339339,1.0084196155524654,1.0019903222013278,0.6135625201483338,0.2009903749970301
3399.3993994,1.0084224506013815,1.0021777185996956,0.6152957395812919,0.20182880890919286
3405.40540541,1.0084252155422617,1.002362528141027,0.6170268942273065,0.20266934686558902
3411.41141141,1.0084279119860124,1.002544779731151,0.6187559525753347,0.2035119867484177
3417.41741742,1.0084305415097938,1.0027245020654636,0.6204828832348115,0.2043567263976288
3423.42342342,1.0084331056576432,1.002901723628654,0.622207654937352,0.2052035636108746
3429.42942943,1.0084356059410902,1.0030764726944643,0.6239302365384415,0.20605249614346255
3435.43543544,1.008438043839761,1.0032487773254855,0.6256505970191137,0.20690352170830953
3441.44144144,1.008440420801975,1.0034186653729849,0.6273687054876178,0.2077566379758975
3447.44744745,1.0084427382453305,1.0035861644767698,0.6290845311810718,0.2086118425742304
3453.45345345,1.0084449975572818,1.003751302065084,0.6307980434671053,0.20946913308879264
3459.45945946,1.0084472000957085,1.003914105354535,0.632509211845489,0.21032850706250883
3465.46546547,1.0084493471894742,1.0040746013500572,0.6342180059497512,0.21118996199570492
3471.47147147,1.008451440138977,1.004232816844904,0.6359243955487826,0.2120534953460708
3477.47747748,1.0084534802166913,1.0043887784206722,0.6376283505484273,0.2129191045286243
3483.48348348,1.0084554686677012,1.0045425124473586,0.6393298409930617,0.21378678691567665
3489.48948949,1.008457406710225,1.0046940450834458,0.6410288370671593,0.21465653983679914
3495.4954955,1.008459295536131,1.0048434022760186,0.6427253090968433,0.2155283605787915
3501.5015015,1.0084611363114455,1.0049906097609098,0.6444192275514248,0.21640224638565148
3507.50750751,1.008462930176853,1.005135693062876,0.6461105630449278,0.21727819445854601
3513.51351351,1.0084646782481868,1.0052786774958014,0.6477992863376011,0.21815620195578375
3519.51951952,1.0084663816169122,1.00541958816293,0.6494853683374158,0.219036265992789
3525.52552553,1.0084680413506026,1.0055584499571262,0.6511687801015487,0.21991838364207716
3531.53153153,1.008469658493407,1.005695287561162,0.6528494928378525,0.22080255193323164
3537.53753754,1.008471234066509,1.0058301254480322,0.6545274779063113,0.2216887678528822
3543.54354354,1.0084727690685797,1.0059629878812946,0.6562027068204812,0.22257702834468462
3549.54954955,1.008474264476222,1.0060938989154382,0.6578751512489182,0.22346733030930216
3555.55555556,1.008475721244407,1.0062228823962753,0.6595447830165896,0.2243596706043881
3561.56156156,1.0084771403069053,1.0063499619613594,0.6612115741062725,0.22525404604457006
3567.56756757,1.0084785225767072,1.0064751610404286,0.6628754966599363,0.22615045340143558
3573.57357357,1.0084798689464398,1.0065985028558713,0.664536522980111,0.22704888940351942
3579.57957958,1.0084811802887739,1.0067200104232181,0.6661946255312404,0.227949350736292
3585.58558559,1.0084824574568254,1.0068397065516552,0.6678497769410202,0.2288518340421497
3591.59159159,1.0084837012845498,1.006957613844562,0.6695019500017207,0.22975633592040642
3597.5975976,1.0084849125871287,1.0070737547000699,0.6711511176714949,0.23066285292728667
3603.6036036,1.0084860921613514,1.0071881513116445,0.6727972530756704,0.2315713815759202
3609.60960961,1.0084872407859882,1.0073008256686888,0.6744403295080263,0.23248191833633813
3615.61561562,1.0084883592221574,1.0074117995571674,0.6760803204320546,0.2333944596354706
3621.62162162,1.0084894482136875,1.0075210945602517,0.6777171994822052,0.23430900185714582
3627.62762763,1.0084905084874705,1.0076287320589854,0.6793509404651167,0.23522554134209084
3633.63363363,1.0084915407538106,1.0077347332329696,0.6809815173608293,0.2361440743879336
3639.63963964,1.0084925457067666,1.007839119061068,0.6826089043239837,0.23706459724920675
3645.64564565,1.008493524024487,1.0079419103221305,0.684233075685002,0.23798710613735266
3651.65165165,1.0084944763695407,1.008043127595736,0.6858540059512549,0.23891159722073033
3657.65765766,1.0084954033892406,1.0081427912629521,0.6874716698082101,0.2398380666246236
3663.66366366,1.0084963057159617,1.0082409215071149,0.6890860421205666,0.2407665104312509
3669.66966967,1.0084971839674535,1.0083375383146231,0.6906970979333713,0.24169692467977671
3675.67567568,1.0084980387471465,1.0084326614757524,0.6923048124731197,0.2426293053663242
3681.68168168,1.0084988706444535,1.0085263105854834,0.6939091611488399,0.24356364844398992
3687.68768769,1.008499680235065,1.0086185050443475,0.6955101195531606,0.2444999498228595
3693.69369369,1.0085004680812388,1.0087092640592878,0.697107663463361,0.24543820537002528
3699.6996997,1.0085012347320856,1.0087986066445356,0.698701768842406,0.24637841090960536
3705.70570571,1.0085019807238476,1.008886551622501,0.700292411839963,0.24732056222276416
3711.71171171,1.0085027065801728,1.0089731176246797,0.7018795687934026,0.24826465504773457
3717.71771772,1.0085034128123849,1.0090583230925723,0.7034632162287822,0.24921068507984165
3723.72372372,1.008504099919746,1.0091421862786174,0.7050433308618125,0.2501586479715279
3729.72972973,1.008504768389717,1.0092247252471398,0.7066198895988074,0.25110853933238014
3735.73573574,1.0085054186982108,1.009305957875309,0.7081928695376163,0.2520603547291577
3741.74174174,1.0085060513098418,1.0093859018541125,0.7097622479685397,0.2530140896858226
3747.74774775,1.008506666678171,1.0094645746893403,0.7113280023752273,0.253969739683571
3753.75375375,1.0085072652459457,1.0095419937025811,0.712890110435559,0.25492730016086607
3759.75975976,1.0085078474453342,1.0096181760322305,0.714448550022509,0.2558867665134729
3765.76576577,1.0085084136981577,1.0096931386345096,0.7160032992049913,0.2568481340944947
3771.77177177,1.008508964416116,1.009766898284495,0.7175543362486897,0.25781139821441035
3777.77777778,1.0085095000010096,1.0098394715771586,0.7191016396168688,0.258776554141114
3783.78378378,1.008510020844957,1.0099108749284178,0.7206451879711684,0.25974359709995587
3789.78978979,1.0085105273306088,1.0099811245761952,0.7221849601723802,0.2607125222737848
3795.7957958,1.0085110198313565,1.0100502365814867,0.7237209352812068,0.26168332480299233
3801.8018018,1.008511498711538,1.0101182268294406,0.7252530925590036,0.26265599978555854
3807.80780781,1.0085119643266383,1.0101851110304434,0.7267814114685024,0.263630542277099
3813.81381381,1.0085124170234865,1.010250904721214,0.7283058716745182,0.26460694729091366
3819.81981982,1.00851285714045,1.0103156232659074,0.7298264530446381,0.2655852097980375
3825.82582583,1.0085132850076226,1.010379281857224,0.7313431356498922,0.2665653247272923
3831.83183183,1.008513700947011,1.0104418955175274,0.7328558997654069,0.26754728696534014
3837.83783784,1.0085141052727167,1.0105034790999685,0.7343647258710412,0.26853109135673886
3843.84384384,1.0085144982911134,1.010564047289617,0.7358695946520043,0.2695167327039985
3849.84984985,1.0085148803010224,1.0106236146045977,0.7373704869994564,0.2705042057676398
3855.85585586,1.008515251593884,1.010682195397235,0.7388673840110909,0.27149350526625393
3861.86186186,1.0085156124539243,1.0107398038552002,0.7403602669916992,0.27248462587656425
3867.86786787,1.00851596315832,1.0107964540026675,0.7418491174537184,0.2734775622334891
3873.87387387,1.008516303977359,1.0108521597014715,0.7433339171177601,0.2744723089302068
3879.87987988,1.0085166351745987,1.0109069346522728,0.744814647913122,0.2754688605182215
3885.88588589,1.0085169570070192,1.0109607923957253,0.7462912919782819,0.2764672115074313
3891.89189189,1.0085172697251754,1.0110137463136495,0.7477638316613738,0.2774673563661977
3897.8978979,1.0085175735733454,1.011065809630209,0.7492322495206458,0.27846928952141625
3903.9039039,1.008517868789674,1.0111169954130903,0.7506965283249011,0.2794730053585896
3909.90990991,1.0085181556063167,1.0111673165746868,0.7521566510539202,0.2804784982219014
3915.91591592,1.0085184342495768,1.0112167858732848,0.7536126008988663,0.2814857624142921
3921.92192192,1.008518704940043,1.011265415914253,0.7550643612626724,0.2824947921975363
3927.92792793,1.008518967892722,1.011313219151234,0.756511915760411,0.2835055817923218
3933.93393393,1.0085192233171691,1.011360207887339,0.7579552482196457,0.28451812537833
3939.93993994,1.008519471417616,1.011406394276343,0.7593943426807654,0.2855324170943178
3945.94594595,1.0085197123930956,1.0114517903238833,0.7608291833973009,0.28654845103820176
3951.95195195,1.0085199464375647,1.0114964078886584,0.7622597548362233,0.2875662212671428
3957.95795796,1.0085201737400238,1.0115402586836282,0.763686041678226,0.2885857217976335
3963.96396396,1.008520394484634,1.0115833542772157,0.765108028817987,0.2896069466055861
3969.96996997,1.0085206088508316,1.011625706094509,0.7665257013644162,0.29062988962642294
3975.97597598,1.008520817013441,1.0116673254184647,0.767939044640883,0.29165454475516756
3981.98198198,1.008521019142784,1.0117082233911097,0.7693480441854275,0.2926809058465381
3987.98798799,1.0085212154047876,1.0117484110147452,0.7707526857509537,0.29370896671504204
3993.99399399,1.0085214059610885,1.0117878991531495,0.7721529553054057,0.2947387211350723
4000.0,1.008521590969137,1.01182669853278,0.7735488390319264,0.2957701628410052
4006.00600601,1.0085217705822966,1.011864819743975,0.7749403233289982,0.29680328552729984
4012.01201201,1.0085219449499432,1.0119022732421559,0.7763273948105671,0.29783808284859914
4018.01801802,1.0085221142175604,1.0119390693490258,0.7777100403061493,0.29887454841983224
4024.02402402,1.0085222785268353,1.0119752182537691,0.7790882468609204,0.2999126758163188
4030.03003003,1.0085224380157485,1.012010730014249,0.7804620017357874,0.3009524585738746
4036.03603604,1.008522592818666,1.0120456145582026,0.7818312924074438,0.3019938901889186
4042.04204204,1.008522743066426,1.0120798816844356,0.7831961065684072,0.303036964118582
4048.04804805,1.008522888886426,1.0121135410640136,0.7845564321270404,0.30408167378081835
4054.05405405,1.0085230304027057,1.0121466022414523,0.7859122572075546,0.30512801255451555
4060.06006006,1.008523167736031,1.0121790746359045,0.7872635701499968,0.3061759737796092
4066.06606607,1.0085233010039725,1.0122109675423454,0.7886103595102194,0.3072255507571977
4072.07207207,1.008523430320986,1.0122422901327544,0.7899526140598333,0.30827673674965866
4078.07807808,1.0085235557984884,1.012273051457294,0.7912903227861442,0.309329524980767
4084.08408408,1.0085236775449329,1.0123032604454865,0.7926234748920724,0.3103839086358145
4090.09009009,1.0085237956658828,1.0123329259073865,0.7939520597960557,0.3114398808617311
4096.0960961,1.008523910264083,1.012362056534751,0.7952760671319353,0.3124974347672073
4102.1021021,1.0085240214395303,1.0123906609022049,0.7965954867488266,0.31355656342281873
4108.10810811,1.0085241292895422,1.012418747468403,0.7979103087109719,0.31461725986115147
4114.11411411,1.008524233908823,1.0124463245771895,0.7992205232975778,0.3156795170769295
4120.12012012,1.0085243353895303,1.0124734004587517,0.8005261210026356,0.31674332802714344
4126.12612613,1.0085244338213388,1.0124999832307706,0.8018270925347267,0.3178086856311809
4132.13213213,1.008524529291502,1.0125260808995669,0.8031234288168099,0.31887558277095807
4138.13813814,1.0085246218849138,1.0125517013612426,0.8044151209859944,0.3199440122910532
4144.14414414,1.0085247116841685,1.012576852402819,0.8057021603932965,0.3210139669988413
4150.15015015,1.0085247987696184,1.0126015417033678,0.8069845386033788,0.3220854396646306
4156.15615616,1.0085248832194311,1.0126257768351403,0.8082622473942762,0.3231584230218001
4162.16216216,1.0085249651096444,1.0126495652646894,0.809535278757104,0.324232909766939
4168.16816817,1.0085250445142215,1.0126729143539872,0.8108036248957511,0.3253088925599877
4174.17417417,1.0085251215051034,1.0126958313615386,0.8120672782265582,0.32638636402437954
4180.18018018,1.0085251961522608,1.0127183234434882,0.8133262313779795,0.32746531674718504
4186.18618619,1.0085252685237445,1.0127403976547222,0.8145804771902296,0.32854574327925695
4192.19219219,1.0085253386857347,1.0127620609499657,0.8158300087149151,0.3296276361353769
4198.1981982,1.0085254067025897,1.0127833201848728,0.8170748192146506,0.3307109877944036
4204.2042042,1.0085254726368922,1.0128041821171132,0.8183149021626605,0.33179579069942255
4210.21021021,1.0085255365494954,1.0128246534074512,0.8195502512423641,0.33288203725789706
4216.21621622,1.0085255984995682,1.0128447406208192,0.8207808603469483,0.3339697198418207
4222.22222222,1.0085256585446385,1.0128644502273867,0.8220067235789228,0.3350588307878715
4228.22822823,1.0085257167406358,1.012883788603621,0.8232278352496624,0.3361493623975672
4234.23423423,1.0085257731419335,1.012902762033344,0.8244441898789339,0.3372413069374222
4240.24024024,1.0085258278013889,1.0129213767087808,0.8256557821944087,0.33833465663910595
4246.24624625,1.008525880770383,1.0129396387316039,0.8268626071311613,0.33942940369960256
4252.25225225,1.0085259320988595,1.0129575541139697,0.8280646598311528,0.34052554028137205
4258.25825826,1.0085259818353622,1.0129751287795496,0.8292619356427008,0.3416230585125129
4264.26426426,1.0085260300270722,1.0129923685645534,0.8304544301199348,0.342721950486926
4270.27027027,1.0085260767198436,1.0130092792187475,0.831642139022238,0.3438222082644802
4276.27627628,1.0085261219582387,1.0130258664064655,0.8328250583136751,0.3449238238711789
4282.28228228,1.0085261657855622,1.013042135707613,0.8340031841624062,0.3460267892993286
4288.28828829,1.0085262082438946,1.0130580926186643,0.8351765129400868,0.34713109650770807
4294.29429429,1.0085262493741245,1.0130737425536542,0.8363450412212554,0.3482367374217397
4300.3003003,1.0085262892159808,1.0130890908451615,0.8375087657827064,0.34934370393366165
4306.30630631,1.0085263278080632,1.013104142745286,0.8386676836028502,0.35045198790270166
4312.31231231,1.0085263651878729,1.013118903426619,0.8398217918610602,0.35156158115525216
4318.31831832,1.0085264013918414,1.0131333779832061,0.8409710879370069,0.3526724754850467
4324.32432432,1.0085264364553599,1.0131475714315032,0.8421155694099784,0.3537846626533379
4330.33033033,1.0085264704128072,1.0131614887113267,0.8432552340581889,0.3548981343890765
4336.33633634,1.008526503297576,1.013175134686794,0.8443900798580737,0.35601288238909184
4342.34234234,1.0085265351421013,1.0131885141472596,0.8455201049835723,0.3571288983182739
4348.34834835,1.0085265659778846,1.0132016318082417,0.8466453078053989,0.3582461738097562
4354.35435435,1.0085265958355203,1.0132144923123438,0.8477656868903001,0.3593647004651007
4360.36036036,1.0085266247447198,1.0132271002301674,0.8488812410003007,0.3604844698544833
4366.36636637,1.0085266527343355,1.0132394600612178,0.8499919690919379,0.36160547351688105
4372.37237237,1.008526679832385,1.013251576234803,0.8510978703154825,0.36272770296026074
4378.37837838,1.0085267060660732,1.0132634531109257,0.8521989440141494,0.3638511496617685
4384.38438438,1.0085267314618143,1.013275094981166,0.8532951897232957,0.36497580506792093
4390.39039039,1.0085267560452542,1.0132865060695597,0.8543866071696069,0.3661016605947972
4396.3963964,1.0085267798412914,1.013297690533467,0.8554731962702732,0.3672287076282329
4402.4024024,1.0085268028740972,1.013308652464434,0.8565549571321525,0.3683569375240148
4408.40840841,1.0085268251671362,1.0133193958890478,0.8576318900509236,0.369486341608077
4414.41441441,1.0085268467431856,1.0133299247697845,0.8587039955102279,0.3706169111766981
4420.42042042,1.0085268676243544,1.0133402430058474,0.8597712741808006,0.37174863749670023
4426.42642643,1.0085268878321016,1.0133503544340006,0.8608337269195898,0.37288151180564855
4432.43243243,1.0085269073872547,1.0133602628293934,0.861891354768867,0.3740155253120525
4438.43843844,1.008526926310027,1.013369971906378,0.8629441589553254,0.3751506691955681
4444.44444444,1.0085269446200347,1.0133794853193197,0.8639921408891685,0.37628693460720153
4450.45045045,1.0085269623363138,1.0133888066633994,0.8650353021631888,0.3774243126695138
4456.45645646,1.0085269794773362,1.0133979394754091,0.8660736445518356,0.3785627944768268
4462.46246246,1.0085269960610255,1.0134068872345392,0.8671071700102734,0.37970237109543026
4468.46846847,1.0085270121047725,1.0134156533631595,0.8681358806734305,0.3808430335637903
4474.47447447,1.00852702762545,1.013424241227592,0.8691597788550377,0.38198477289275884
4480.48048048,1.0085270426394282,1.0134326541388763,0.8701788670466573,0.38312758006578423
4486.48648649,1.0085270571625875,1.013440895353528,0.8711931479167032,0.3842714460391232
4492.49249249,1.0085270712103334,1.0134489680742895,0.8722026243094516,0.3854163617420538
4498.4984985,1.0085270847976098,1.0134568754508728,0.873207299244042,0.3865623180770894
4504.5045045,1.0085270979389118,1.0134646205806968,0.8742071759134699,0.3877093059201942
4510.51051051,1.008527110648299,1.0134722065096147,0.8752022576835705,0.3888573161209995
4516.51651652,1.008527122939407,1.0134796362326364,0.8761925480919938,0.39000633950302127
4522.52252252,1.008527134825461,1.013486912694642,0.8771780508471704,0.3911563668638788
4528.52852853,1.0085271463192857,1.0134940387910887,0.8781587698272701,0.3923073889755142
4534.53453453,1.0085271574333186,1.0135010173687102,0.8791347090791514,0.3934593965844137
4540.54054054,1.0085271681796193,1.0135078512262092,0.8801058728173027,0.39461238041182917
4546.54654655,1.0085271785698822,1.0135145431149422,0.8810722654227764,0.39576633115400117
4552.55255255,1.0085271886154457,1.0135210957395973,0.8820338914421145,0.3969212394823832
4558.55855856,1.008527198327303,1.013527511758865,0.8829907555862666,0.39807709604386676
4564.56456456,1.008527207716112,1.013533793786101,0.8839428627295003,0.39923389146100724
4570.57057057,1.008527216792205,1.0135399443899842,0.8848902179083045,0.40039161633225157
4576.57657658,1.0085272255655982,1.0135459660951636,0.8858328263202851,0.4015502612321661
4582.58258258,1.0085272340460008,1.0135518613829018,0.886770693323054,0.40270981671166606
4588.58858859,1.0085272422428242,1.0135576326917104,0.8877038244331102,0.40387027329824576
4594.59459459,1.00852725016519,1.013563282417977,0.8886322253247155,0.40503162149620997
4600.6006006,1.0085272578219397,1.0135688129165872,0.8895559018287622,0.40619385178690603
4606.60660661,1.0085272652216415,1.0135742265015382,0.8904748599316349,0.40735695462895727
4612.61261261,1.008527272372599,1.0135795254465463,0.8913891057740657,0.40852092045849714
4618.61861862,1.0085272792828595,1.0135847119856471,0.8922986456499837,0.40968573968940447
4624.62462462,1.0085272859602203,1.013589788313789,0.8932034860053574,0.41085140271353954
4630.63063063,1.0085272924122375,1.01359475658742,0.8941036334370316,0.4120178999009813
4636.63663664,1.0085272986462317,1.0135996189250671,0.8949990946915592,0.41318522160026544
4642.64264264,1.008527304669296,1.0136043774079102,0.8958898766640263,0.4143533581386231
4648.64864865,1.0085273104883021,1.013609034080348,0.8967759863968717,0.4155222998222211
4654.65465465,1.0085273161099075,1.0136135909505584,0.8976574310787024,0.41669203693640244
4660.66066066,1.0085273215405615,1.0136180499910503,0.8985342180431022,0.41786255974592823
4666.66666667,1.0085273267865111,1.0136224131392118,0.8994063547674361,0.41903385849522007
4672.67267267,1.008527331853808,1.013626682297849,0.9002738488716501,0.4202059234086037
4678.67867868,1.008527336748313,1.0136308593357204,0.9011367081170646,0.4213787446905531
4684.68468468,1.008527341475703,1.0136349460880634,0.9019949404051654,0.42255231252593584
4690.69069069,1.008527346041476,1.0136389443571148,0.9028485537763881,0.42372661708025905
4696.6966967,1.0085273504509564,1.0136428559126258,0.9036975564088996,0.4249016484999163
4702.7027027,1.0085273547093005,1.013646682492369,0.9045419566173745,0.4260773969124353
4708.70870871,1.0085273588215011,1.0136504258026409,0.9053817628517676,0.4272538524267263
4714.71471471,1.008527362792393,1.013654087518756,0.906216983696083,0.4284310051333316
4720.72072072,1.0085273666266574,1.013657669285538,0.9070476278671382,0.42960884510467545
4726.72672673,1.0085273703288267,1.0136611727178004,0.9078737042133262,0.43078736239531507
4732.73273273,1.008527373903289,1.0136645994008255,0.9086952217133724,0.43196654704219234
4738.73873874,1.0085273773542922,1.013667950890834,0.9095121894750889,0.43314638906488606
4744.74474474,1.008527380685949,1.01367122871545,0.9103246167341263,0.4343268784658653
4750.75075075,1.0085273839022402,1.01367443437416,0.9111325128527208,0.43550800523074334
4756.75675676,1.008527387007019,1.0136775693387658,0.9119358873184392,0.43668975932853216
4762.76276276,1.0085273900040155,1.0136806350538319,0.9127347497429217,0.4378721307118979
4768.76876877,1.0085273928968395,1.0136836329371255,0.9135291098606205,0.43905510931741704
4774.77477477,1.0085273956889846,1.013686564380053,0.9143189775275377,0.440238685065833
4780.78078078,1.0085273983838323,1.0136894307480895,0.9151043627199588,0.4414228478623139
4786.78678679,1.0085274009846545,1.0136922333812024,0.9158852755331855,0.44260758759671026
4792.79279279,1.0085274034946177,1.0136949735942695,0.9166617261802661,0.44379289414381434
4798.7987988,1.0085274059167855,1.0136976526774928,0.9174337249907226,0.4449787573636192
4804.8048048,1.0085274082541225,1.0137002718968042,0.9182012824092781,0.44616516710157894
4810.81081081,1.0085274105094968,1.0137028324942685,0.9189644089945804,0.44735211318886964
4816.81681682,1.0085274126856838,1.0137053356884786,0.9197231154179256,0.44853958544265043
4822.82282282,1.008527414785368,1.0137077826749472,0.9204774124619791,0.44972757366632565
4828.82882883,1.0085274168111464,1.0137101746264914,0.9212273110194963,0.45091606764980746
4834.83483483,1.0085274187655318,1.0137125126936133,0.9219728220920409,0.4521050571697788
4840.84084084,1.008527420650954,1.013714798004875,0.9227139567887033,0.45329453198995734
4846.84684685,1.0085274224697638,1.0137170316672683,0.9234507263248175,0.45448448186135976
4852.85285285,1.0085274242242348,1.0137192147665788,0.9241831420206773,0.45567489652256654
4858.85885886,1.0085274259165657,1.0137213483677456,0.9249112153002518,0.4568657656999874
4864.86486486,1.0085274275488831,1.0137234335152159,0.9256349576899002,0.4580570791081272
4870.87087087,1.0085274291232436,1.0137254712332942,0.9263543808170869,0.45924882644985254
4876.87687688,1.0085274306416356,1.0137274625264863,0.9270694964090952,0.4604409974166585
4882.88288288,1.0085274321059825,1.0137294083798394,0.9277803162917421,0.4616335816889363
4888.88888889,1.0085274335181433,1.0137313097592762,0.9284868523880919,0.4628265689362412
4894.89489489,1.008527434879916,1.0137331676119254,0.9291891167171711,0.4640199488175608
4900.9009009,1.0085274361930385,1.0137349828664461,0.929887121392682,0.4652137109815841
4906.90690691,1.0085274374591915,1.0137367564333482,0.9305808786217186,0.46640784506697064
4912.91291291,1.0085274386799992,1.0137384892053083,0.9312704007034808,0.46760234070262047
4918.91891892,1.008527439857032,1.013740182057481,0.9319557000279912,0.46879718750794425
4924.92492492,1.0085274409918081,1.0137418358478045,0.9326367890748115,0.46999237509313385
4930.93093093,1.0085274420857946,1.0137434514173038,0.9333136804117599,0.47118789305943337
4936.93693694,1.0085274431404094,1.013745029590387,0.9339863866936293,0.4723837309994106
4942.94294294,1.0085274441570236,1.0137465711751388,0.9346549206609076,0.47357987849722877
4948.94894895,1.0085274451369615,1.0137480769636098,0.9353192951384977,0.47477632512891865
4954.95495495,1.0085274460815035,1.0137495477321,0.9359795230344398,0.4759730604626512
4960.96096096,1.0085274469918866,1.013750984241439,0.936635617338635,0.4771700740590103
4966.96696697,1.008527447869306,1.0137523872372627,0.9372875911215703,0.478367355471266
4972.97297297,1.008527448714917,1.0137537574502837,0.9379354575330455,0.4795648942456481
4978.97897898,1.0085274495298353,1.0137550955965602,0.9385792298009012,0.48076267992161964
4984.98498498,1.0085274503151396,1.013756402377758,0.9392189212297498,0.4819607020321515
4990.99099099,1.0085274510718714,1.0137576784814115,0.9398545451997073,0.4831589501039965
4996.996997,1.008527451801037,1.0137589245811776,0.9404861151651287,0.48435741365796403
5003.003003,1.0085274525036085,1.013760141337088,0.9411136446533438,0.4855560822091951
5009.00900901,1.0085274531805253,1.0137613293957968,0.941737147263397,0.48675494526743757
5015.01501502,1.0085274538326943,1.013762489390824,0.9423566366647885,0.48795399233732145
5021.02102102,1.0085274544609917,1.013763621942795,0.9429721265962187,0.4891532129186346
5027.02702703,1.0085274550662637,1.0137647276596777,0.9435836308643344,0.49035259650659857
5033.03303303,1.0085274556493276,1.013765807137014,0.9441911633424791,0.49155213259214453
5039.03903904,1.0085274562109725,1.0137668609581487,0.944794737969445,0.4927518106621898
5045.04504505,1.0085274567519609,1.0137678896944555,0.9453943687482284,0.49395162019991407
5051.05105105,1.0085274572730285,1.0137688939055574,0.945990069744788,0.49515155068503586
5057.05705706,1.0085274577748862,1.0137698741395451,0.9465818550868074,0.4963515915940896
5063.06306306,1.00852745825822,1.0137708309331916,0.9471697389624585,0.49755173240070216
5069.06906907,1.0085274587236925,1.0137717648121631,0.9477537356191714,0.4987519625758701
5075.07507508,1.0085274591719435,1.013772676291227,0.9483338593624053,0.4999522715882367
5081.08108108,1.0085274596035905,1.013773565874455,0.948910124554424,0.5011526489043691
5087.08708709,1.0085274600192293,1.0137744340554262,0.9494825456130751,0.5023530839890356
5093.09309309,1.0085274604194356,1.0137752813174226,0.9500511370105725,0.5035535663054832
5099.0990991,1.008527460804765,1.0137761081336245,0.9506159132722837,0.5047540853157151
5105.10510511,1.0085274611757533,1.013776914967302,0.9511768889755197,0.5059546304807679
5111.11111111,1.008527461532918,1.0137777022720023,0.9517340787483299,0.5071551912609895
5117.11711712,1.0085274618767588,1.0137784704917354,0.9522874972683013,0.5083557571163164
5123.12312312,1.0085274622077574,1.0137792200611557,0.9528371592613609,0.5095563175065516
5129.12912913,1.008527462526379,1.0137799514057406,0.9533830795005837,0.5107568618916418
5135.13513514,1.0085274628330725,1.0137806649419672,0.9539252728050036,0.5119573797319554
5141.14114114,1.008527463128271,1.013781361077484,0.9544637540384306,0.51315786048856
5147.14714715,1.0085274634123924,1.0137820402112823,0.9549985381082712,0.5143582936234997
5153.15315315,1.00852746368584,1.0137827027338622,0.9555296399643535,0.5155586686000729
5159.15915916,1.0085274639490025,1.0137833490273975,0.9560570745977579,0.5167589748831096
5165.16516517,1.0085274642022555,1.0137839794658976,0.956580857039652,0.5179592019392488
5171.17117117,1.008527464445961,1.0137845944153652,0.9571010023601306,0.5191593392372158
5177.17717718,1.0085274646804683,1.013785194233953,0.9576175256670606,0.5203593762480996
5183.18318318,1.0085274649061142,1.0137857792721179,0.9581304421049308,0.5215593024456298
5189.18918919,1.0085274651232237,1.01378634987277,0.9586397668537073,0.5227591073064535
5195.1951952,1.0085274653321101,1.013786906371422,0.9591455151276937,0.5239587803104125
5201.2012012,1.0085274655330758,1.0137874490963346,0.9596477021743969,0.5251583109408199
5207.20720721,1.0085274657264125,1.0137879783686594,0.9601463432733977,0.5263576886847364
5213.21321321,1.008527465912401,1.0137884945025795,0.9606414537352277,0.5275569030332473
5219.21921922,1.0085274660913128,1.0137889978054475,0.9611330489002511,0.528755943481738
5225.22522523,1.0085274662634092,1.0137894885779213,0.9616211441375522,0.5299547995301707
5231.23123123,1.008527466428942,1.0137899671140975,0.9621057548438284,0.5311534606833597
5237.23723724,1.0085274665881547,1.0137904337016421,0.9625868964422896,0.5323519164512476
5243.24324324,1.0085274667412814,1.0137908886219194,0.9630645843815622,0.5335501563491802
5249.24924925,1.008527466888548,1.013791332150118,0.9635388341346002,0.5347481698981821
5255.25525526,1.0085274670301725,1.0137917645553753,0.9640096611976015,0.5359459466252311
5261.26126126,1.0085274671663647,1.0137921861008994,0.9644770810889302,0.5371434760635333
5267.26726727,1.008527467297327,1.0137925970440882,0.964941109348045,0.5383407477527975
5273.27327327,1.0085274674232545,1.0137929976366478,0.9654017615344342,0.539537751239509
5279.27927928,1.0085274675443354,1.013793388124707,0.9658590532265561,0.5407344760772035
5285.28528529,1.0085274676607507,1.0137937687489316,0.9663130000207858,0.5419309118267408
5291.29129129,1.0085274677726752,1.0137941397446348,0.9667636175303688,0.5431270480565779
5297.2972973,1.0085274678802774,1.0137945013418874,0.9672109213843804,0.5443228743430414
5303.3033033,1.0085274679837193,1.0137948537656243,0.9676549272266916,0.5455183802706008
5309.30930931,1.0085274680831573,1.0137951972357502,0.9680956507149416,0.5467135554321402
5315.31531532,1.008527468178742,1.0137955319672431,0.9685331075195168,0.5479083894292297
5321.32132132,1.0085274682706185,1.0137958581702553,0.968967313322536,0.5491028718723976
5327.32732733,1.0085274683589267,1.0137961760502137,0.9693982838168428,0.5502969923814007
5333.33333333,1.0085274684438013,1.0137964858079167,0.9698260347050038,0.5514907405854955
5339.33933934,1.008527468525372,1.0137967876396312,0.9702505816983146,0.5526841061237078
5345.34534535,1.008527468603764,1.013797081737186,0.9706719405158114,0.5538770786451027
5351.35135135,1.0085274686790975,1.0137973682880645,0.9710901268832904,0.5550696478090542
5357.35735736,1.0085274687514887,1.0137976474754955,0.9715051565323335,0.5562618032855137
5363.36336336,1.0085274688210495,1.013797919478542,0.9719170451993406,0.5574535347552783
5369.36936937,1.0085274688878874,1.0137981844721888,0.9723258086245696,0.5586448319102592
5375.37537538,1.008527468952106,1.0137984426274276,0.9727314625511829,0.5598356844537489
5381.38138138,1.008527469013805,1.013798694111342,0.9731340227243007,0.5610260821006879
5387.38738739,1.008527469073081,1.0137989390871887,0.9735335048900619,0.5622160145779316
5393.39339339,1.008527469130026,1.01379917771448,0.9739299247946915,0.5634054716245158
5399.3993994,1.0085274691847297,1.0137994101490615,0.9743232981835761,0.5645944429919225
5405.40540541,1.0085274692372774,1.0137996365431914,0.9747136408003448,0.5657829184443443
5411.41141141,1.0085274692877522,1.0137998570456155,0.9751009683859593,0.5669708877589489
5417.41741742,1.0085274693362334,1.0138000718016433,0.9754852966778098,0.5681583407261431
5423.42342342,1.008527469382798,1.0138002809532207,0.975866641408819,0.5693452671498355
5429.42942943,1.0085274694275193,1.0138004846390023,0.9762450183065524,0.570531656847699
5435.43543544,1.0085274694704685,1.0138006829944217,0.9766204430923375,0.5717174996514335
5441.44144144,1.008527469511714,1.0138008761517614,0.9769929314803888,0.5729027854070263
5447.44744745,1.0085274695513213,1.01380106424022,0.9773624991769406,0.5740875039750135
5453.45345345,1.008527469589354,1.0138012473859794,0.9777291618793882,0.5752716452307398
5459.45945946,1.008527469625873,1.0138014257122696,0.9780929352754347,0.576455199064618
5465.46546547,1.008527469660937,1.0138015993394327,0.9784538350422474,0.5776381553823877
5471.47147147,1.0085274696946023,1.0138017683849863,0.9788118768456195,0.5788205041053738
5477.47747748,1.0085274697269233,1.0138019329636843,0.9791670763391414,0.5800022351707432
5483.48348348,1.0085274697579523,1.0138020931875773,0.9795194491633774,0.5811833385317626
5489.48948949,1.0085274697877393,1.0138022491660723,0.9798690109450521,0.5823638041580537
5495.4954955,1.0085274698163331,1.0138024010059896,0.9802157772962425,0.5835436220358486
5501.5015015,1.00852746984378,1.0138025488116202,0.9805597638135792,0.5847227821682451
5507.50750751,1.008527469870125,1.0138026926847818,0.9809009860774539,0.5859012745754599
5513.51351351,1.008527469895411,1.0138028327248723,0.9812394596512354,0.5870790892950822
5519.51951952,1.0085274699196796,1.013802969028924,0.9815752000804928,0.5882562163823258
5525.52552553,1.0085274699429705,1.0138031016916562,0.9819082228922268,0.5894326459102809
5531.53153153,1.0085274699653224,1.0138032308055254,0.982238543594108,0.5906083679701648
5537.53753754,1.008527469986772,1.0138033564607762,0.9825661776737237,0.5917833726715723
5543.54354354,1.0085274700073545,1.013803478745491,0.9828911405978312,0.5929576501427247
5549.54954955,1.0085274700271045,1.0138035977456377,0.9832134478116206,0.5941311905307184
5555.55555556,1.0085274700460547,1.0138037135451168,0.983533114737983,0.5953039840017723
5561.56156156,1.0085274700642364,1.013803826225808,0.9838501567767886,0.5964760207414752
5567.56756757,1.0085274700816802,1.0138039358676154,0.9841645893041711,0.5976472909550312
5573.57357357,1.0085274700984153,1.0138040425485122,0.9844764276718205,0.5988177848675053
5579.57957958,1.0085274701144695,1.013804146344584,0.9847856872062835,0.5999874927240672
5585.58558559,1.00852747012987,1.013804247330071,0.9850923832082711,0.6011564047902352
5591.59159159,1.008527470144643,1.0138043455774104,0.985396530951975,0.6023245113521186
5597.5975976,1.008527470158813,1.013804441157277,0.985698145684391,0.6034918027166593
5603.6036036,1.008527470172404,1.0138045341386235,0.98599724262465,0.6046582692118724
5609.60960961,1.0085274701854394,1.0138046245887185,0.9862938369633577,0.6058239011870865
5615.61561562,1.0085274701979412,1.0138047125731864,0.9865879438619407,0.6069886890131821
5621.62162162,1.0085274702099307,1.0138047981560443,0.9868795784520015,0.6081526230828301
5627.62762763,1.0085274702214284,1.0138048813997385,0.9871687558346807,0.6093156938107285
5633.63363363,1.0085274702324538,1.0138049623651808,0.9874554910800271,0.6104778916338386
5639.63963964,1.008527470243026,1.0138050411117838,0.9877397992263753,0.6116392070116204
5645.64564565,1.008527470253163,1.0138051176974952,0.9880216952797318,0.6127996304262666
5651.65165165,1.0085274702628824,1.0138051921788316,0.9883011942131674,0.6139591523829357
5657.65765766,1.008527470272201,1.013805264610912,0.988578310966219,0.6151177634099847
5663.66366366,1.0085274702811347,1.0138053350474894,0.9888530604442977,0.6162754540591996
5669.66966967,1.0085274702896991,1.013805403540983,0.9891254575181055,0.6174322149060264
5675.67567568,1.0085274702979095,1.0138054701425088,0.9893955170230596,0.6185880365497999
5681.68168168,1.0085274703057796,1.0138055349019104,0.9896632537587238,0.6197429096139719
5687.68768769,1.0085274703133236,1.0138055978677885,0.9899286824882482,0.6208968247463388
5693.69369369,1.0085274703205545,1.0138056590875293,0.9901918179378163,0.6220497726192669
5699.6996997,1.008527470327485,1.0138057186073341,0.9904526747961001,0.6232017439299185
5705.70570571,1.008527470334127,1.0138057764722461,0.9907112677137221,0.624352729400475
5711.71171171,1.0085274703404925,1.013805832726178,0.9909676113027257,0.6255027197783606
5717.71771772,1.0085274703465927,1.0138058874119387,0.9912217201360529,0.6266517058364636
5723.72372372,1.0085274703524385,1.013805940571259,0.9914736087470295,0.6277996783733575
5729.72972973,1.00852747035804,1.0138059922448173,0.991723291628858,0.6289466282135207
5735.73573574,1.0085274703634073,1.0138060424722644,0.9919707832341181,0.6300925462075547
5741.74174174,1.00852747036855,1.013806091292248,0.9922160979742751,0.6312374232324025
5747.74774775,1.0085274703734772,1.0138061387424364,0.9924592502191947,0.6323812501915639
5753.75375375,1.008527470378198,1.0138061848595419,0.9927002542966665,0.6335240180153112
5759.75975976,1.0085274703827203,1.0138062296793433,0.992939124491935,0.6346657176609035
5765.76576577,1.0085274703870526,1.0138062732367088,0.9931758750472368,0.6358063401127994
5771.77177177,1.0085274703912026,1.013806315565617,0.9934105201613467,0.6369458763828686
5777.77777778,1.0085274703951779,1.0138063566991786,0.9936430739891302,0.638084317510603
5783.78378378,1.0085274703989855,1.0138063966696576,0.9938735506411045,0.639221654563326
5789.78978979,1.0085274704026326,1.013806435508491,0.9941019641830054,0.6403578786364006
5795.7957958,1.0085274704061256,1.0138064732463095,0.9943283286353632,0.6414929808534365
5801.8018018,1.0085274704094707,1.0138065099129558,0.9945526579730847,0.6426269523664964
5807.80780781,1.0085274704126743,1.0138065455375052,0.9947749661250427,0.6437597843563001
5813.81381381,1.008527470415742,1.0138065801482825,0.9949952669736737,0.6448914680324287
5819.81981982,1.0085274704186797,1.0138066137728818,0.9952135743545818,0.6460219946335263
5825.82582583,1.0085274704214926,1.0138066464381832,0.9954299020561503,0.6471513554275011
5831.83183183,1.008527470424186,1.0138066781703703,0.9956442638191606,0.6482795417117257
5837.83783784,1.0085274704267648,1.0138067089949478,0.9958566733364177,0.6494065448132352
5843.84384384,1.0085274704292337,1.0138067389367575,0.9960671442523839,0.6505323560889247
5849.84984985,1.0085274704315974,1.013806768019995,0.9962756901628185,0.6516569669257453
5855.85585586,1.0085274704338603,1.0138067962682247,0.9964823246144253,0.6527803687408988
5861.86186186,1.0085274704360263,1.0138068237043965,0.9966870611045073,0.6539025529820319
5867.86786787,1.0085274704380998,1.01380685035086,0.9968899130806274,0.6550235111274275
5873.87387387,1.0085274704400844,1.0138068762293795,0.9970908939402773,0.6561432346861965
5879.87987988,1.008527470441984,1.013806901361149,0.9972900170305528,0.6572617151984669
5885.88588589,1.008527470443802,1.0138069257668054,0.9974872956478359,0.6583789442355726
5891.89189189,1.008527470445542,1.0138069494664432,0.9976827430374844,0.6594949134002404
5897.8978979,1.0085274704472074,1.0138069724796273,0.9978763723935276,0.6606096143267755
5903.9039039,1.008527470448801,1.0138069948254063,0.9980681968583692,0.6617230386812464
5909.90990991,1.008527470450326,1.0138070165223256,0.9982582295224975,0.6628351781616677
5915.91591592,1.0085274704517853,1.0138070375884403,0.9984464834242014,0.6639460244981822
5921.92192192,1.0085274704531815,1.013807058041326,0.9986329715492935,0.665055569453241
5927.92792793,1.0085274704545173,1.0138070778980928,0.9988177068308408,0.6661638048217828
5933.93393393,1.0085274704557954,1.0138070971753952,0.9990007021489004,0.667270722431412
5939.93993994,1.0085274704570182,1.0138071158894448,0.9991819703302629,0.6683763141425745
5945.94594595,1.008527470458188,1.0138071340560209,0.9993615241482028,0.6694805718487332
5951.95195195,1.008527470459307,1.013807151690481,0.999539376322234,0.6705834874765416
5957.95795796,1.0085274704603775,1.0138071688077726,0.999715539517873,0.6716850529860161
5963.96396396,1.0085274704614013,1.0138071854224422,0.9998900263464081,0.6727852603707067
5969.96996997,1.0085274704623808,1.0138072015486468,1.0000628493646755,0.673884101657867
5975.97597598,1.0085274704633176,1.0138072172001626,1.000234021074841,0.6749815689086222
5981.98198198,1.0085274704642135,1.0138072323903957,1.0004035539241887,0.6760776542181353
5987.98798799,1.0085274704650704,1.0138072471323905,1.0005714603049152,0.6771723497157733
5993.99399399,1.0085274704658898,1.0138072614388396,1.0007377525539318,0.678265647565271
6000.0,1.0085274704666733,1.0138072753220928,1.0009024429526712,0.6793575399648927
